shot_outcome_name,shot_statsbomb_xg,match_file,xpos,ypos
Goal,0.097240604,7430.json,106.0,35.0
Saved,0.09457453,7430.json,106.0,32.0
Blocked,0.008003449,7430.json,110.0,21.0
Saved,0.10499528,7430.json,103.0,39.0
Post,0.24550784,7430.json,116.0,34.0
Saved,0.14212596,7430.json,108.0,38.0
Goal,0.057973385,7430.json,95.0,46.0
Blocked,0.06551418,7430.json,104.0,52.0
Post,0.3215839,7443.json,111.0,45.0
Off T,0.15594445,7443.json,108.0,52.0
Blocked,0.02328303,7443.json,105.0,23.0
Off T,0.090093054,7443.json,110.0,44.0
Saved,0.088149086,7443.json,110.0,47.0
Blocked,0.050770175,7443.json,97.0,49.0
Blocked,0.05862246,7443.json,105.0,51.0
Wayward,0.12242812,7443.json,110.0,41.0
Blocked,0.08224795,7443.json,103.0,38.0
Wayward,0.084398285,7443.json,117.0,48.0
Goal,0.06318396,7443.json,113.0,49.0
Blocked,0.11850678,7443.json,113.0,44.0
Off T,0.01211852,7443.json,106.0,58.0
Blocked,0.06403179,7443.json,105.0,49.0
Saved,0.4215263,7443.json,117.0,38.0
Blocked,0.41241845,7443.json,117.0,39.0
Blocked,0.059535444,7443.json,103.0,39.0
Off T,0.008289203,7444.json,84.0,34.0
Saved,0.06255593,7444.json,102.0,38.0
Blocked,0.023259489,7444.json,98.0,25.0
Saved,0.007487467,7444.json,93.0,60.0
Goal,0.043343667,7444.json,113.0,54.0
Off T,0.026061121,7444.json,91.0,42.0
Saved,0.060529284,7444.json,117.0,30.0
Off T,0.10728357,7444.json,110.0,35.0
Blocked,0.02419304,7444.json,95.0,29.0
Saved,0.47587585,7444.json,113.0,41.0
Saved,0.0125224,7444.json,112.0,22.0
Blocked,0.014356908,7444.json,99.0,17.0
Saved,0.13117279,7444.json,115.0,46.0
Off T,0.26947305,7444.json,114.0,34.0
Saved,0.06217797,7444.json,106.0,50.0
Off T,0.015509545,7444.json,115.0,55.0
Saved,0.1785034,7444.json,113.0,45.0
Off T,0.15049694,7444.json,110.0,42.0
Off T,0.029684914,7445.json,97.0,53.0
Blocked,0.021009415,7445.json,94.0,29.0
Off T,0.41983083,7445.json,104.0,31.0
Goal,0.087550275,7445.json,97.0,54.0
Off T,0.04817552,7445.json,95.0,31.0
Off T,0.38284126,7445.json,113.0,37.0
Blocked,0.060218733,7445.json,101.0,40.0
Saved,0.41966072,7451.json,112.0,44.0
Saved,0.05245745,7451.json,99.0,40.0
Off T,0.033156533,7451.json,116.0,53.0
Saved,0.08528373,7451.json,102.0,31.0
Off T,0.34144115,7451.json,109.0,36.0
Blocked,0.059390876,7451.json,103.0,54.0
Blocked,0.031161604,7451.json,100.0,53.0
Off T,0.04361278,7451.json,95.0,42.0
Wayward,0.10895299,7451.json,104.0,39.0
Saved,0.0630701,7451.json,105.0,53.0
Blocked,0.03001739,7451.json,91.0,31.0
Blocked,0.18400148,7451.json,108.0,45.0
Off T,0.027448565,7456.json,94.0,30.0
Off T,0.21004213,7456.json,116.0,35.0
Saved,0.12532829,7456.json,110.0,31.0
Goal,0.1786457,7456.json,112.0,32.0
Blocked,0.022684412,7456.json,95.0,25.0
Goal,0.50496453,7456.json,118.0,44.0
Saved,0.060239185,7456.json,108.0,40.0
Off T,0.12460103,7456.json,104.0,48.0
Blocked,0.12136204,7456.json,109.0,43.0
Blocked,0.05352903,7456.json,106.0,52.0
Saved,0.10409,7456.json,103.0,37.0
Off T,0.31362534,7456.json,112.0,40.0
Wayward,0.10466554,7456.json,112.0,40.0
Blocked,0.19312048,7456.json,112.0,41.0
Post,0.080768615,7457.json,113.0,30.0
Post,0.19757304,7457.json,112.0,39.0
Off T,0.55640876,7457.json,116.0,39.0
Blocked,0.03576086,7457.json,100.0,51.0
Blocked,0.11983397,7457.json,110.0,50.0
Off T,0.201898,7457.json,106.0,46.0
Blocked,0.07386106,7457.json,102.0,32.0
Goal,0.3879692,7457.json,113.0,42.0
Blocked,0.024175823,7457.json,98.0,53.0
Blocked,0.139842,7457.json,112.0,46.0
Off T,0.123978905,7457.json,112.0,49.0
Goal,0.39779994,7457.json,117.0,37.0
Goal,0.28377584,7457.json,106.0,32.0
Off T,0.42139462,7457.json,104.0,34.0
Blocked,0.052947666,7457.json,98.0,49.0
Blocked,0.06358035,7457.json,104.0,41.0
Goal,0.1026943,7457.json,117.0,48.0
Off T,0.052069798,7457.json,101.0,28.0
Blocked,0.22183827,7457.json,116.0,38.0
Blocked,0.025510753,7471.json,93.0,31.0
Off T,0.017761147,7471.json,118.0,28.0
Wayward,0.018134117,7471.json,118.0,28.0
Blocked,0.09053381,7471.json,99.0,39.0
Saved,0.09678265,7471.json,98.0,50.0
Goal,0.16343679,7471.json,110.0,47.0
Goal,0.011817819,7471.json,105.0,59.0
Goal,0.34762388,7471.json,113.0,35.0
Saved,0.02933041,7471.json,97.0,52.0
Off T,0.04034893,7471.json,95.0,42.0
Off T,0.07923933,7471.json,112.0,53.0
Saved,0.024218274,7471.json,91.0,31.0
Off T,0.058799192,7471.json,97.0,35.0
Off T,0.08209241,7471.json,105.0,48.0
Off T,0.40879878,7471.json,117.0,36.0
Saved,0.034220923,7471.json,95.0,32.0
Off T,0.05042471,7471.json,99.0,51.0
Off T,0.013056922,7471.json,104.0,19.0
Blocked,0.09095428,7471.json,106.0,51.0
Blocked,0.13238475,7471.json,112.0,50.0
Saved,0.055132143,7472.json,108.0,39.0
Off T,0.10008801,7472.json,107.0,39.0
Saved,0.028452447,7472.json,98.0,26.0
Wayward,0.10160333,7472.json,109.0,28.0
Blocked,0.13505323,7472.json,112.0,42.0
Off T,0.11077952,7472.json,112.0,38.0
Goal,0.5005019,7472.json,117.0,42.0
Off T,0.12965037,7473.json,110.0,50.0
Off T,0.0614531,7473.json,100.0,32.0
Off T,0.02359681,7473.json,96.0,26.0
Goal,0.07145249,7473.json,101.0,43.0
Blocked,0.052144933,7473.json,103.0,42.0
Blocked,0.011018251,7473.json,113.0,59.0
Wayward,0.025162648,7474.json,118.0,30.0
Off T,0.014557008,7474.json,95.0,57.0
Blocked,0.02050109,7474.json,91.0,33.0
Off T,0.19577837,7474.json,113.0,43.0
Off T,0.08103325,7474.json,112.0,52.0
Goal,0.1604784,7474.json,111.0,43.0
Off T,0.09972373,7474.json,105.0,47.0
Blocked,0.033947263,7474.json,105.0,24.0
Blocked,0.23531291,7474.json,109.0,43.0
Blocked,0.015873993,7474.json,91.0,54.0
Off T,0.091834895,7474.json,106.0,45.0
Off T,0.119072065,7474.json,108.0,44.0
Saved,0.23076355,7475.json,104.0,38.0
Off T,0.06384667,7475.json,100.0,39.0
Off T,0.3644629,7475.json,114.0,39.0
Goal,0.10308089,7475.json,101.0,39.0
Saved,0.017639183,7475.json,89.0,44.0
Off T,0.05455018,7475.json,97.0,39.0
Blocked,0.08914505,7475.json,107.0,44.0
Blocked,0.102217875,7475.json,106.0,36.0
Goal,0.07669277,7475.json,103.0,37.0
Goal,0.18336041,7475.json,107.0,33.0
Saved,0.1528309,7475.json,111.0,34.0
Blocked,0.007237398,7475.json,83.0,45.0
Goal,0.49501202,7475.json,112.0,43.0
Wayward,0.13536823,7476.json,110.0,42.0
Saved,0.048072718,7476.json,114.0,55.0
Blocked,0.22224519,7476.json,111.0,49.0
Saved,0.39089024,7476.json,107.0,46.0
Off T,0.6342155,7476.json,112.0,40.0
Goal,0.063034706,7476.json,103.0,50.0
Off T,0.12074642,7476.json,99.0,48.0
Goal,0.42946237,7476.json,105.0,47.0
Goal,0.20574377,7476.json,111.0,31.0
Saved,0.0075043743,7476.json,85.0,29.0
Goal,0.0648866,7477.json,103.0,36.0
Off T,0.030751415,7477.json,94.0,36.0
Off T,0.1019063,7477.json,107.0,45.0
Saved,0.037643403,7477.json,94.0,31.0
Saved,0.0065552406,7477.json,89.0,66.0
Off T,0.039294954,7478.json,94.0,41.0
Saved,0.34790996,7478.json,112.0,47.0
Blocked,0.030578446,7478.json,97.0,51.0
Wayward,0.096038386,7478.json,110.0,37.0
Off T,0.036639944,7478.json,110.0,55.0
Goal,0.2711842,7478.json,110.0,36.0
Blocked,0.09447362,7478.json,108.0,40.0
Saved,0.08659738,7479.json,111.0,29.0
Off T,0.103761636,7479.json,107.0,53.0
Saved,0.0061332975,7479.json,84.0,50.0
Off T,0.37505436,7479.json,113.0,42.0
Saved,0.019941147,7479.json,105.0,25.0
Off T,0.15937936,7479.json,111.0,41.0
Off T,0.08099098,7479.json,99.0,36.0
Saved,0.06442231,7479.json,106.0,31.0
Blocked,0.03740624,7479.json,108.0,53.0
Off T,0.028307548,7479.json,92.0,40.0
Goal,0.06713568,7479.json,114.0,30.0
Blocked,0.01534195,7479.json,95.0,57.0
Blocked,0.014394562,7479.json,98.0,58.0
Blocked,0.0896802,7479.json,107.0,50.0
Saved,0.1025468,7479.json,104.0,37.0
Post,0.047648035,7479.json,111.0,25.0
Blocked,0.15218212,7479.json,110.0,41.0
Blocked,0.12778337,7479.json,110.0,41.0
Off T,0.0537907,7479.json,102.0,40.0
Off T,0.08841688,7479.json,106.0,48.0
Saved,0.05233368,7479.json,97.0,40.0
Off T,0.4144298,7480.json,114.0,34.0
Blocked,0.13215852,7480.json,111.0,40.0
Off T,0.045987226,7480.json,93.0,40.0
Off T,0.036103237,7480.json,116.0,53.0
Off T,0.08203789,7480.json,108.0,47.0
Off T,0.0096744,7480.json,99.0,59.0
Blocked,0.032475572,7480.json,95.0,40.0
Post,0.02946362,7480.json,105.0,23.0
Saved,0.0338279,7482.json,95.0,41.0
Wayward,0.10189198,7482.json,113.0,45.0
Blocked,0.023438973,7482.json,93.0,49.0
Goal,0.6637888,7482.json,118.0,41.0
Saved,0.06314421,7482.json,106.0,53.0
Blocked,0.05240073,7482.json,96.0,42.0
Blocked,0.07491938,7482.json,101.0,44.0
Saved,0.29105633,7482.json,116.0,50.0
Off T,0.03251523,7482.json,91.0,41.0
Blocked,0.02485768,7482.json,101.0,58.0
Off T,0.11314585,7482.json,112.0,45.0
Blocked,0.05550635,7482.json,105.0,51.0
Off T,0.042098176,7482.json,95.0,37.0
Blocked,0.094000295,7482.json,106.0,52.0
Off T,0.07162415,7483.json,106.0,26.0
Off T,0.14316231,7483.json,108.0,29.0
Goal,0.08870972,7483.json,94.0,61.0
Blocked,0.12432386,7483.json,87.0,22.0
Saved,0.015001686,7483.json,114.0,24.0
Blocked,0.0059884223,7483.json,87.0,22.0
Off T,0.005723953,7483.json,77.0,23.0
Off T,0.022479612,7484.json,112.0,56.0
Saved,0.07201114,7484.json,107.0,29.0
Off T,0.087524265,7484.json,105.0,33.0
Blocked,0.1308167,7484.json,108.0,36.0
Off T,0.036839034,7484.json,98.0,27.0
Post,0.19173947,7484.json,112.0,44.0
Off T,0.4902142,7484.json,111.0,30.0
Saved,0.11607515,7484.json,103.0,43.0
Off T,0.06821975,7484.json,98.0,39.0
Off T,0.19866422,7484.json,113.0,34.0
Goal,0.67247033,7484.json,116.0,41.0
Off T,0.018280197,7484.json,90.0,50.0
Saved,0.1885167,7484.json,114.0,45.0
Blocked,0.0065448373,7484.json,89.0,54.0
Goal,0.6346382,7484.json,118.0,34.0
Saved,0.11053508,7484.json,110.0,35.0
Wayward,0.050470345,7485.json,104.0,41.0
Saved,0.013980359,7485.json,116.0,24.0
Off T,0.06987346,7485.json,109.0,26.0
Blocked,0.010453868,7485.json,104.0,20.0
Blocked,0.04713584,7485.json,99.0,30.0
Saved,0.34316838,7485.json,111.0,36.0
Off T,0.030757101,7485.json,86.0,40.0
Saved,0.02442867,7485.json,98.0,25.0
Off T,0.07112943,7485.json,106.0,29.0
Wayward,0.12840556,7485.json,112.0,31.0
Off T,0.040111944,7485.json,101.0,53.0
Off T,0.032467853,7485.json,91.0,37.0
Saved,0.10181043,7485.json,113.0,45.0
Goal,0.4082943,7485.json,112.0,38.0
Saved,0.010746061,7486.json,106.0,59.0
Goal,0.90355986,7486.json,119.0,42.0
Blocked,0.061870754,7486.json,113.0,49.0
Blocked,0.029926866,7486.json,94.0,53.0
Goal,0.094320826,7486.json,111.0,53.0
Off T,0.056879323,7486.json,103.0,48.0
Off T,0.10158305,7486.json,112.0,30.0
Off T,0.035376403,7486.json,93.0,41.0
Post,0.11302533,7486.json,110.0,39.0
Saved,0.09292677,7486.json,101.0,38.0
Off T,0.27349296,7486.json,103.0,37.0
Saved,0.046768658,7486.json,110.0,51.0
Blocked,0.010891853,7487.json,104.0,61.0
Off T,0.033910435,7487.json,93.0,34.0
Off T,0.029523456,7487.json,96.0,49.0
Off T,0.0742122,7487.json,112.0,55.0
Wayward,0.22934768,7487.json,110.0,35.0
Off T,0.04091162,7487.json,94.0,41.0
Off T,0.065403566,7487.json,107.0,54.0
Off T,0.031780303,7487.json,100.0,25.0
Goal,0.088821374,7490.json,107.0,51.0
Goal,0.50951004,7490.json,105.0,35.0
Off T,0.11405851,7490.json,97.0,29.0
Off T,0.031031037,7490.json,93.0,31.0
Post,0.19512042,7490.json,109.0,50.0
Off T,0.050014317,7490.json,107.0,24.0
Saved,0.05438924,7490.json,101.0,46.0
Blocked,0.03004364,7490.json,94.0,26.0
Saved,0.09260444,7490.json,109.0,27.0
Saved,0.03998084,7490.json,113.0,54.0
Off T,0.08916954,7492.json,101.0,43.0
Blocked,0.20417853,7492.json,106.0,33.0
Post,0.30292138,7492.json,117.0,46.0
Goal,0.47510394,7492.json,113.0,39.0
Off T,0.031355,7492.json,101.0,55.0
Goal,0.8784046,7492.json,116.0,42.0
Saved,0.09359876,7492.json,104.0,39.0
Off T,0.2330701,7492.json,115.0,43.0
Off T,0.058759764,7493.json,98.0,41.0
Blocked,0.082534604,7493.json,116.0,31.0
Off T,0.039595943,7493.json,107.0,55.0
Off T,0.1816325,7493.json,96.0,41.0
Saved,0.50861037,7493.json,117.0,36.0
Blocked,0.19538186,7493.json,115.0,48.0
Blocked,0.03507056,7493.json,94.0,39.0
Goal,0.17485029,7493.json,112.0,36.0
Saved,0.01235857,7493.json,89.0,27.0
Off T,0.030746384,7493.json,100.0,56.0
Blocked,0.028058425,7493.json,94.0,47.0
Saved,0.05475028,7493.json,105.0,55.0
Blocked,0.043843005,7493.json,96.0,36.0
Off T,0.028056154,7493.json,97.0,53.0
Saved,0.35081318,7493.json,112.0,36.0
Saved,0.007704234,7494.json,91.0,20.0
Off T,0.042534444,7494.json,94.0,42.0
Blocked,0.03192218,7494.json,95.0,45.0
Off T,0.10001802,7494.json,108.0,40.0
Off T,0.031225637,7494.json,97.0,53.0
Saved,0.035514683,7494.json,97.0,51.0
Blocked,0.024362665,7494.json,90.0,48.0
Saved,0.100013964,7494.json,116.0,31.0
Off T,0.030115098,7494.json,99.0,28.0
Saved,0.071766615,7494.json,110.0,28.0
Saved,0.09222911,7494.json,115.0,32.0
Goal,0.37875342,7494.json,109.0,50.0
Off T,0.026763039,7494.json,104.0,56.0
Off T,0.03550163,7494.json,95.0,34.0
Goal,0.29842728,7494.json,108.0,41.0
Off T,0.2513621,7494.json,110.0,48.0
Saved,0.2307884,7494.json,105.0,39.0
Blocked,0.060452443,7496.json,97.0,45.0
Off T,0.025648272,7496.json,97.0,26.0
Blocked,0.1271896,7496.json,108.0,30.0
Off T,0.06675993,7496.json,96.0,38.0
Blocked,0.10079002,7496.json,105.0,48.0
Off T,0.011031363,7496.json,90.0,26.0
Saved,0.062577255,7496.json,99.0,33.0
Off T,0.08176462,7496.json,95.0,47.0
Blocked,0.036180004,7496.json,94.0,37.0
Goal,0.10434004,7496.json,104.0,47.0
Saved,0.050009876,7496.json,97.0,48.0
Blocked,0.073656894,7496.json,109.0,50.0
Saved,0.08765152,7496.json,109.0,47.0
Blocked,0.06425461,7497.json,108.0,41.0
Blocked,0.036664154,7497.json,96.0,33.0
Goal,0.18735647,7497.json,113.0,37.0
Off T,0.033036597,7497.json,93.0,33.0
Off T,0.06103904,7497.json,104.0,31.0
Blocked,0.021242306,7497.json,90.0,35.0
Saved,0.046845287,7497.json,101.0,31.0
Blocked,0.02060013,7497.json,93.0,52.0
Off T,0.032180864,7497.json,107.0,25.0
Post,0.041469336,7497.json,103.0,26.0
Blocked,0.026971566,7497.json,93.0,44.0
Saved,0.09270675,7497.json,108.0,47.0
Off T,0.007715839,7497.json,101.0,59.0
Wayward,0.13019279,7497.json,104.0,42.0
Off T,0.011895883,7500.json,99.0,60.0
Saved,0.06005631,7500.json,106.0,28.0
Blocked,0.034897454,7500.json,99.0,29.0
Saved,0.24130394,7500.json,111.0,44.0
Blocked,0.03116093,7500.json,97.0,28.0
Off T,0.021704333,7500.json,91.0,32.0
Off T,0.0048161293,7500.json,77.0,16.0
Off T,0.48712838,7500.json,115.0,39.0
Blocked,0.094770506,7500.json,103.0,40.0
Saved,0.112193145,7519.json,105.0,39.0
Off T,0.08390923,7519.json,99.0,40.0
Blocked,0.061709896,7519.json,112.0,53.0
Saved,0.061359003,7519.json,107.0,28.0
Blocked,0.02435527,7519.json,91.0,43.0
Goal,0.1595889,7519.json,115.0,34.0
Goal,0.32582507,7519.json,113.0,37.0
Saved,0.20190458,7519.json,110.0,44.0
Off T,0.060749177,7519.json,101.0,40.0
Off T,0.17683792,7519.json,108.0,47.0
Blocked,0.18383887,7519.json,113.0,44.0
Off T,0.088588305,7520.json,106.0,29.0
Blocked,0.04937633,7520.json,102.0,31.0
Blocked,0.059408955,7520.json,109.0,53.0
Blocked,0.030838367,7520.json,96.0,32.0
Goal,0.10102557,7520.json,104.0,34.0
Off T,0.13804007,7520.json,117.0,31.0
Blocked,0.0099367,7520.json,100.0,19.0
Saved,0.005776868,7520.json,96.0,19.0
Saved,0.32292637,7520.json,104.0,38.0
Off T,0.04163159,7520.json,96.0,31.0
Goal,0.19345534,7521.json,117.0,46.0
Goal,0.08305111,7521.json,106.0,31.0
Blocked,0.01187223,7521.json,114.0,56.0
Off T,0.019532064,7521.json,97.0,25.0
Off T,0.10793567,7521.json,104.0,34.0
Blocked,0.04511424,7521.json,96.0,33.0
Saved,0.01532444,7521.json,116.0,22.0
Off T,0.06407119,7521.json,101.0,49.0
Wayward,0.21686375,7521.json,111.0,35.0
Saved,0.05870204,7521.json,101.0,44.0
Saved,0.0074401777,7521.json,89.0,55.0
Saved,0.06439967,7522.json,113.0,26.0
Blocked,0.046443466,7522.json,96.0,34.0
Off T,0.13918236,7522.json,109.0,29.0
Goal,0.16288345,7522.json,116.0,34.0
Off T,0.007483074,7522.json,86.0,51.0
Off T,0.038491912,7522.json,104.0,57.0
Off T,0.2698062,7523.json,114.0,37.0
Saved,0.15854976,7523.json,108.0,36.0
Blocked,0.026721712,7523.json,91.0,39.0
Wayward,0.27526912,7523.json,110.0,37.0
Off T,0.07040187,7523.json,111.0,29.0
Saved,0.06356636,7523.json,98.0,47.0
Blocked,0.02155469,7523.json,101.0,56.0
Saved,0.06096711,7523.json,107.0,45.0
Wayward,0.010513776,7523.json,110.0,64.0
Saved,0.13871266,7524.json,106.0,43.0
Off T,0.17730711,7524.json,112.0,41.0
Saved,0.04798351,7524.json,96.0,32.0
Saved,0.039288282,7524.json,99.0,51.0
Off T,0.10707714,7524.json,104.0,47.0
Saved,0.043223575,7524.json,104.0,57.0
Blocked,0.039542284,7524.json,101.0,26.0
Off T,0.02788031,7524.json,95.0,41.0
Blocked,0.017534807,7524.json,105.0,55.0
Off T,0.022508565,7524.json,94.0,26.0
Blocked,0.011904983,7524.json,103.0,20.0
Saved,0.18509914,7524.json,109.0,31.0
Goal,0.080782995,7524.json,110.0,32.0
Off T,0.14026344,7524.json,112.0,46.0
Saved,0.07595036,7524.json,113.0,53.0
Blocked,0.009870107,7524.json,94.0,57.0
Blocked,0.022850072,7524.json,99.0,55.0
Blocked,0.052451175,7524.json,105.0,51.0
Blocked,0.09991877,7524.json,108.0,31.0
Blocked,0.04288624,7524.json,97.0,48.0
Off T,0.018144282,7524.json,118.0,28.0
Saved,0.016349128,7524.json,118.0,50.0
Saved,0.037476845,7524.json,96.0,38.0
Off T,0.2903803,7524.json,114.0,42.0
Blocked,0.047829717,7525.json,111.0,52.0
Blocked,0.02564916,7525.json,107.0,26.0
Off T,0.032339387,7525.json,97.0,50.0
Saved,0.12617204,7525.json,107.0,39.0
Saved,0.030546982,7525.json,104.0,56.0
Off T,0.025765538,7525.json,97.0,25.0
Off T,0.02450558,7525.json,86.0,38.0
Off T,0.06695514,7529.json,99.0,46.0
Blocked,0.011507075,7529.json,109.0,59.0
Blocked,0.028548675,7529.json,101.0,23.0
Saved,0.13110706,7529.json,108.0,34.0
Off T,0.052039362,7529.json,108.0,52.0
Blocked,0.103822425,7529.json,108.0,49.0
Saved,0.054453943,7530.json,95.0,43.0
Blocked,0.064092785,7530.json,109.0,26.0
Blocked,0.09026888,7530.json,104.0,37.0
Off T,0.06915687,7530.json,104.0,43.0
Blocked,0.007040045,7530.json,86.0,30.0
Off T,0.012627738,7531.json,115.0,57.0
Blocked,0.03494443,7531.json,100.0,54.0
Off T,0.31297603,7531.json,107.0,32.0
Saved,0.03815293,7531.json,97.0,49.0
Blocked,0.0062765433,7531.json,90.0,23.0
Goal,0.07673583,7531.json,106.0,37.0
Saved,0.019393038,7531.json,96.0,26.0
Wayward,0.23878485,7531.json,114.0,40.0
Goal,0.28817946,7531.json,113.0,39.0
Blocked,0.01300174,7531.json,111.0,22.0
Blocked,0.0116975065,7531.json,118.0,24.0
Blocked,0.08008037,7531.json,111.0,49.0
Blocked,0.069268815,7531.json,101.0,37.0
Blocked,0.030180966,7531.json,100.0,53.0
Saved,0.009970189,7531.json,97.0,20.0
Off T,0.04472891,7531.json,97.0,44.0
Saved,0.01982028,7531.json,95.0,55.0
Off T,0.048534878,7531.json,105.0,52.0
Saved,0.005467236,7532.json,84.0,24.0
Blocked,0.016538767,7532.json,86.0,43.0
Blocked,0.055096734,7532.json,113.0,26.0
Off T,0.037667256,7532.json,88.0,36.0
Off T,0.019323658,7532.json,90.0,36.0
Off T,0.077727586,7532.json,114.0,50.0
Goal,0.24699534,7532.json,108.0,28.0
Saved,0.12293178,7532.json,108.0,29.0
Off T,0.13312599,7532.json,112.0,40.0
Saved,0.1773644,7532.json,108.0,43.0
Off T,0.13300222,7533.json,109.0,44.0
Goal,0.010917373,7533.json,99.0,21.0
Wayward,0.008365875,7533.json,115.0,57.0
Off T,0.027605115,7533.json,89.0,36.0
Off T,0.090432055,7533.json,108.0,32.0
Saved,0.058959655,7533.json,100.0,42.0
Off T,0.022279786,7533.json,92.0,52.0
Saved,0.009771554,7533.json,96.0,21.0
Off T,0.02486829,7533.json,114.0,54.0
Blocked,0.11827388,7534.json,111.0,29.0
Blocked,0.0056767375,7534.json,87.0,23.0
Saved,0.12941124,7534.json,105.0,46.0
Blocked,0.043891508,7534.json,100.0,31.0
Off T,0.041151885,7534.json,95.0,39.0
Goal,0.19460402,7534.json,109.0,32.0
Off T,0.13477883,7534.json,102.0,32.0
Saved,0.02910846,7534.json,95.0,30.0
Blocked,0.048906885,7534.json,105.0,25.0
Blocked,0.07452877,7534.json,102.0,36.0
Off T,0.074448265,7534.json,102.0,29.0
Off T,0.114304304,7534.json,109.0,41.0
Off T,0.041622043,7534.json,104.0,31.0
Off T,0.009542241,7534.json,114.0,58.0
Off T,0.04795046,7534.json,100.0,49.0
Blocked,0.10941726,7534.json,106.0,40.0
Off T,0.058029506,7534.json,101.0,54.0
Saved,0.050513986,7534.json,99.0,33.0
Blocked,0.090416625,7534.json,113.0,35.0
Off T,0.24410489,7534.json,113.0,40.0
Saved,0.55386275,7534.json,117.0,39.0
Off T,0.035709005,7534.json,96.0,31.0
Saved,0.0076826327,7534.json,95.0,59.0
Saved,0.016208809,7535.json,119.0,52.0
Off T,0.007944309,7535.json,93.0,20.0
Wayward,0.08929103,7535.json,116.0,32.0
Saved,0.37645623,7535.json,109.0,39.0
Off T,0.040321272,7535.json,94.0,37.0
Wayward,0.89477885,7535.json,118.0,42.0
Blocked,0.07834383,7535.json,100.0,36.0
Blocked,0.02729148,7535.json,102.0,57.0
Blocked,0.068592064,7535.json,100.0,43.0
Blocked,0.10570443,7535.json,106.0,42.0
Off T,0.0747409,7536.json,113.0,34.0
Saved,0.0327767,7536.json,104.0,24.0
Off T,0.02878628,7536.json,118.0,30.0
Saved,0.0654758,7536.json,109.0,54.0
Saved,0.34641263,7536.json,111.0,49.0
Saved,0.024635071,7537.json,94.0,48.0
Blocked,0.05048326,7537.json,98.0,46.0
Post,0.2161229,7537.json,108.0,54.0
Wayward,0.022509541,7538.json,118.0,29.0
Blocked,0.06819925,7538.json,111.0,38.0
Off T,0.058042593,7538.json,99.0,37.0
Off T,0.11802932,7538.json,107.0,30.0
Blocked,0.026066551,7538.json,97.0,25.0
Blocked,0.006241017,7538.json,83.0,47.0
Blocked,0.057121377,7538.json,98.0,33.0
Blocked,0.028747292,7538.json,100.0,56.0
Off T,0.19956683,7538.json,110.0,38.0
Blocked,0.039492566,7539.json,99.0,48.0
Blocked,0.015028189,7539.json,98.0,62.0
Blocked,0.13267757,7539.json,109.0,35.0
Off T,0.04273148,7539.json,113.0,53.0
Goal,0.99118865,7539.json,113.0,40.0
Saved,0.05977887,7539.json,111.0,45.0
Blocked,0.01924025,7540.json,100.0,22.0
Off T,0.054492563,7540.json,96.0,37.0
Blocked,0.029840613,7540.json,99.0,48.0
Off T,0.01850139,7540.json,89.0,32.0
Wayward,0.016148616,7540.json,90.0,39.0
Saved,0.13225357,7540.json,107.0,41.0
Blocked,0.023341442,7540.json,97.0,55.0
Blocked,0.13687143,7540.json,107.0,33.0
Off T,0.02183278,7540.json,90.0,34.0
Blocked,0.060671132,7540.json,102.0,38.0
Off T,0.014450283,7540.json,102.0,59.0
Saved,0.3376846,7541.json,104.0,48.0
Blocked,0.23730883,7541.json,103.0,39.0
Off T,0.14577667,7541.json,108.0,30.0
Blocked,0.022535361,7541.json,93.0,49.0
Saved,0.14382575,7541.json,109.0,45.0
Saved,0.083701745,7541.json,117.0,30.0
Saved,0.060330503,7541.json,106.0,28.0
Saved,0.008464088,7541.json,96.0,60.0
Wayward,0.13071316,7541.json,108.0,43.0
Off T,0.04095015,7542.json,108.0,56.0
Blocked,0.05608462,7542.json,109.0,26.0
Saved,0.013198647,7542.json,92.0,25.0
Wayward,0.22690645,7542.json,108.0,44.0
Off T,0.0058760555,7542.json,87.0,28.0
Saved,0.041491136,7542.json,105.0,57.0
Saved,0.113801956,7542.json,112.0,50.0
Blocked,0.07717339,7542.json,112.0,50.0
Off T,0.007644402,7542.json,90.0,21.0
Off T,0.0062442855,7543.json,101.0,62.0
Off T,0.0797548,7543.json,112.0,39.0
Off T,0.13669233,7543.json,117.0,47.0
Wayward,0.121088564,7543.json,109.0,37.0
Off T,0.101114124,7544.json,110.0,34.0
Off T,0.011932639,7544.json,119.0,53.0
Saved,0.0094235735,7544.json,96.0,58.0
Off T,0.10249908,7544.json,112.0,49.0
Off T,0.0055306493,7544.json,83.0,40.0
Off T,0.15817063,7544.json,112.0,47.0
Blocked,0.009338622,7544.json,105.0,59.0
Saved,0.37744683,7544.json,104.0,41.0
Wayward,0.0815443,7544.json,102.0,40.0
Blocked,0.024956208,7544.json,98.0,24.0
Off T,0.09167263,7545.json,99.0,34.0
Saved,0.13586974,7545.json,111.0,29.0
Goal,0.3903937,7545.json,108.0,30.0
Saved,0.1882397,7545.json,113.0,34.0
Blocked,0.2574592,7545.json,117.0,36.0
Off T,0.19214138,7545.json,115.0,49.0
Off T,0.011055459,7545.json,107.0,59.0
Blocked,0.02916088,7545.json,103.0,24.0
Goal,0.026013188,7545.json,93.0,45.0
Saved,0.036090992,7545.json,100.0,27.0
Blocked,0.07852001,7545.json,108.0,31.0
Saved,0.10333694,7545.json,98.0,38.0
Off T,0.002964359,7546.json,62.0,36.0
Off T,0.009108837,7546.json,88.0,54.0
Saved,0.27977735,7546.json,112.0,38.0
Saved,0.053871572,7546.json,109.0,27.0
Off T,0.115647,7546.json,112.0,29.0
Post,0.032040957,7546.json,93.0,39.0
Blocked,0.049853675,7546.json,101.0,30.0
Off T,0.009771249,7546.json,98.0,61.0
Blocked,0.024034739,7547.json,101.0,53.0
Saved,0.026401442,7547.json,88.0,38.0
Blocked,0.09697945,7547.json,111.0,44.0
Blocked,0.02370917,7547.json,92.0,40.0
Blocked,0.09409239,7547.json,107.0,40.0
Off T,0.021356815,7547.json,94.0,26.0
Off T,0.024973137,7547.json,96.0,27.0
Saved,0.008275843,7547.json,104.0,59.0
Wayward,0.10484656,7547.json,108.0,42.0
Saved,0.011980171,7547.json,114.0,24.0
Saved,0.07465897,7547.json,107.0,37.0
Off T,0.033656128,7547.json,97.0,47.0
Off T,0.036142077,7548.json,98.0,51.0
Off T,0.09443319,7548.json,107.0,48.0
Blocked,0.016899822,7548.json,99.0,22.0
Off T,0.0112173855,7548.json,97.0,20.0
Off T,0.041545574,7548.json,100.0,52.0
Saved,0.0191676,7548.json,96.0,23.0
Post,0.19056164,7548.json,112.0,40.0
Blocked,0.07274404,7548.json,105.0,41.0
Saved,0.18450306,7548.json,110.0,42.0
Blocked,0.092250206,7548.json,108.0,31.0
Saved,0.030233286,7548.json,100.0,24.0
Off T,0.10716484,7548.json,98.0,38.0
Blocked,0.03701403,7548.json,108.0,27.0
Saved,0.013194866,7548.json,89.0,28.0
Saved,0.036078174,7548.json,96.0,46.0
Off T,0.15961349,7548.json,112.0,32.0
Saved,0.10112726,7549.json,99.0,39.0
Goal,0.13957413,7549.json,112.0,46.0
Off T,0.008576407,7549.json,106.0,61.0
Off T,0.043580372,7549.json,99.0,28.0
Blocked,0.025410693,7549.json,98.0,54.0
Post,0.043000102,7549.json,101.0,27.0
Off T,0.0531975,7549.json,104.0,50.0
Off T,0.046937406,7549.json,98.0,48.0
Off T,0.078613296,7549.json,107.0,41.0
Blocked,0.061611153,7549.json,103.0,39.0
Off T,0.0065200645,7550.json,84.0,51.0
Saved,0.24026676,7550.json,111.0,39.0
Blocked,0.057581827,7550.json,106.0,55.0
Goal,0.009642546,7550.json,95.0,22.0
Post,0.010486914,7550.json,107.0,62.0
Saved,0.027681582,7550.json,86.0,40.0
Saved,0.22874036,7550.json,110.0,43.0
Blocked,0.2657264,7551.json,113.0,42.0
Blocked,0.061157048,7551.json,104.0,40.0
Saved,0.36402932,7551.json,106.0,40.0
Blocked,0.025292808,7551.json,97.0,53.0
Blocked,0.027065128,7551.json,92.0,42.0
Goal,0.10376687,7551.json,112.0,48.0
Off T,0.008810984,7551.json,96.0,62.0
Saved,0.12256524,7551.json,112.0,30.0
Blocked,0.0749021,7551.json,105.0,29.0
Blocked,0.02860656,7551.json,93.0,38.0
Off T,0.13043028,7551.json,109.0,49.0
Saved,0.16166209,7551.json,111.0,40.0
Saved,0.013604501,7551.json,107.0,59.0
Saved,0.23471555,7552.json,110.0,44.0
Saved,0.009488142,7552.json,101.0,21.0
Saved,0.09656626,7552.json,107.0,33.0
Blocked,0.070710085,7552.json,100.0,34.0
Off T,0.0056386488,7552.json,106.0,69.0
Saved,0.009165923,7552.json,88.0,26.0
Off T,0.04770442,7552.json,96.0,37.0
Goal,0.39485714,7552.json,112.0,45.0
Wayward,0.20639732,7552.json,113.0,44.0
Saved,0.025972955,7552.json,99.0,24.0
Goal,0.9790341,7552.json,109.0,38.0
Off T,0.022166368,7552.json,94.0,55.0
Off T,0.09572776,7552.json,102.0,29.0
Off T,0.043140188,7552.json,97.0,30.0
Saved,0.07457654,7552.json,100.0,30.0
Blocked,0.46811458,7552.json,114.0,29.0
Saved,0.2990258,7552.json,113.0,39.0
Blocked,0.050583683,7552.json,113.0,54.0
Goal,0.27505946,7552.json,111.0,44.0
Saved,0.09150781,7553.json,105.0,42.0
Saved,0.031374734,7553.json,118.0,30.0
Off T,0.07445391,7553.json,108.0,26.0
Blocked,0.1644079,7553.json,110.0,47.0
Blocked,0.04806095,7553.json,96.0,46.0
Saved,0.09060148,7553.json,104.0,36.0
Blocked,0.08345764,7553.json,104.0,38.0
Off T,0.019312114,7553.json,101.0,58.0
Blocked,0.009588097,7553.json,88.0,52.0
Off T,0.05194924,7553.json,94.0,40.0
Goal,0.02292819,7553.json,97.0,54.0
Off T,0.10595282,7554.json,102.0,32.0
Goal,0.056802925,7554.json,98.0,34.0
Blocked,0.03459167,7554.json,97.0,51.0
Goal,0.20022032,7554.json,105.0,49.0
Saved,0.13047156,7554.json,115.0,51.0
Off T,0.021399647,7554.json,93.0,30.0
Blocked,0.02723293,7555.json,95.0,52.0
Off T,0.006297056,7555.json,82.0,30.0
Off T,0.0516608,7555.json,105.0,55.0
Off T,0.006554862,7555.json,85.0,57.0
Off T,0.05552095,7555.json,102.0,51.0
Blocked,0.0645288,7555.json,98.0,35.0
Saved,0.20361854,7555.json,110.0,29.0
Goal,0.31125227,7555.json,108.0,47.0
Blocked,0.09850289,7555.json,118.0,47.0
Saved,0.019115308,7555.json,91.0,33.0
Blocked,0.017525094,7555.json,92.0,50.0
Saved,0.13404049,7556.json,108.0,43.0
Goal,0.03935943,7556.json,108.0,29.0
Saved,0.090780556,7556.json,102.0,53.0
Off T,0.02924008,7556.json,101.0,57.0
Saved,0.259631,7556.json,112.0,37.0
Off T,0.08816641,7556.json,99.0,37.0
Saved,0.023896396,7556.json,96.0,50.0
Goal,0.4889436,7556.json,113.0,43.0
Saved,0.08121445,7557.json,112.0,27.0
Off T,0.037193935,7557.json,101.0,29.0
Off T,0.0343897,7557.json,112.0,55.0
Goal,0.019847075,7557.json,102.0,58.0
Off T,0.03004273,7557.json,95.0,51.0
Saved,0.4325817,7558.json,111.0,45.0
Blocked,0.012746202,7558.json,111.0,57.0
Blocked,0.022801261,7558.json,96.0,55.0
Off T,0.07099453,7558.json,105.0,52.0
Blocked,0.09139254,7558.json,107.0,47.0
Saved,0.024050621,7558.json,101.0,22.0
Wayward,0.021711508,7559.json,102.0,23.0
Saved,0.015093114,7559.json,86.0,36.0
Off T,0.12628312,7559.json,105.0,30.0
Off T,0.054578535,7559.json,101.0,29.0
Blocked,0.15514064,7559.json,103.0,45.0
Off T,0.047208663,7559.json,112.0,54.0
Off T,0.022161836,7559.json,90.0,49.0
Off T,0.03571275,7559.json,96.0,41.0
Blocked,0.020325344,7559.json,101.0,58.0
Goal,0.021029433,7559.json,116.0,53.0
Off T,0.03164082,7560.json,97.0,27.0
Blocked,0.11654905,7560.json,102.0,34.0
Wayward,0.15321249,7560.json,106.0,31.0
Off T,0.035891,7560.json,94.0,30.0
Wayward,0.47844365,7560.json,116.0,37.0
Wayward,0.05123204,7560.json,99.0,43.0
Off T,0.005666844,7560.json,87.0,53.0
Wayward,0.10190532,7560.json,110.0,52.0
Wayward,0.08270539,7560.json,106.0,51.0
Wayward,0.124626815,7560.json,110.0,52.0
Off T,0.006282342,7560.json,88.0,27.0
Off T,0.040457163,7561.json,95.0,41.0
Blocked,0.027670745,7561.json,91.0,40.0
Off T,0.13476612,7561.json,103.0,45.0
Off T,0.02248241,7561.json,87.0,46.0
Saved,0.032808866,7561.json,104.0,56.0
Blocked,0.010740825,7561.json,101.0,61.0
Off T,0.27502066,7561.json,112.0,33.0
Off T,0.009257236,7561.json,100.0,19.0
Saved,0.008520809,7561.json,98.0,60.0
Off T,0.07215265,7561.json,104.0,33.0
Goal,0.124663696,7561.json,111.0,28.0
Off T,0.054780398,7561.json,101.0,41.0
Goal,0.03970575,7562.json,104.0,53.0
Off T,0.0056918976,7562.json,83.0,33.0
Goal,0.15455943,7562.json,111.0,36.0
Saved,0.08902341,7563.json,106.0,28.0
Off T,0.009843999,7563.json,99.0,60.0
Saved,0.010871868,7563.json,101.0,60.0
Off T,0.009946421,7563.json,96.0,59.0
Blocked,0.019755723,7563.json,95.0,51.0
Off T,0.07888575,7563.json,101.0,37.0
Off T,0.009661348,7563.json,101.0,19.0
Goal,0.20670193,7564.json,112.0,50.0
Blocked,0.069989234,7564.json,111.0,26.0
Off T,0.0398082,7564.json,93.0,40.0
Wayward,0.028244063,7564.json,105.0,23.0
Off T,0.12803131,7564.json,108.0,36.0
Goal,0.08721284,7564.json,107.0,37.0
Blocked,0.08790639,7565.json,104.0,37.0
Saved,0.09553115,7565.json,114.0,28.0
Blocked,0.03160092,7565.json,96.0,46.0
Blocked,0.15078197,7565.json,114.0,29.0
Off T,0.10374196,7565.json,110.0,42.0
Goal,0.31224898,7565.json,106.0,39.0
Blocked,0.031538606,7565.json,96.0,50.0
Saved,0.12364933,7565.json,111.0,28.0
Blocked,0.28301764,7565.json,112.0,41.0
Off T,0.05241559,7565.json,104.0,28.0
Saved,0.12310901,7565.json,113.0,37.0
Blocked,0.052411966,7565.json,101.0,43.0
Blocked,0.059994984,7565.json,104.0,30.0
Off T,0.006776994,7565.json,80.0,43.0
Off T,0.12900412,7565.json,109.0,40.0
Off T,0.0904818,7565.json,106.0,43.0
Blocked,0.081434235,7565.json,106.0,43.0
Blocked,0.07397224,7565.json,108.0,30.0
Off T,0.008667415,7565.json,99.0,59.0
Saved,0.09150794,7565.json,114.0,52.0
Off T,0.006126076,7566.json,92.0,58.0
Off T,0.019455789,7566.json,96.0,56.0
Blocked,0.0071684807,7566.json,99.0,63.0
Off T,0.08406631,7566.json,105.0,30.0
Blocked,0.04393479,7566.json,99.0,28.0
Off T,0.03696837,7566.json,106.0,54.0
Off T,0.10989964,7566.json,109.0,28.0
Wayward,0.33955482,7566.json,109.0,41.0
Goal,0.23465483,7566.json,116.0,32.0
Off T,0.08776431,7566.json,103.0,36.0
Off T,0.008584143,7566.json,115.0,19.0
Saved,0.097953424,7566.json,108.0,29.0
Blocked,0.022069821,7566.json,90.0,48.0
Blocked,0.06146504,7567.json,97.0,42.0
Blocked,0.05455867,7567.json,108.0,51.0
Off T,0.049363878,7567.json,119.0,31.0
Blocked,0.10291238,7567.json,104.0,31.0
Saved,0.21808246,7567.json,113.0,39.0
Blocked,0.18822618,7567.json,115.0,43.0
Off T,0.1887936,7567.json,112.0,44.0
Off T,0.026506644,7567.json,97.0,54.0
Off T,0.17120185,7567.json,112.0,39.0
Saved,0.045900352,7567.json,98.0,41.0
Saved,0.01863953,7567.json,86.0,39.0
Saved,0.026525779,7568.json,99.0,54.0
Saved,0.17932418,7568.json,111.0,40.0
Saved,0.033930067,7568.json,98.0,50.0
Off T,0.036320034,7568.json,98.0,31.0
Post,0.009091367,7568.json,103.0,18.0
Off T,0.046386905,7568.json,97.0,37.0
Saved,0.00674315,7568.json,104.0,18.0
Goal,0.40283072,7568.json,113.0,43.0
Blocked,0.018734163,7568.json,91.0,51.0
Off T,0.013605404,7568.json,87.0,31.0
Blocked,0.02795779,7568.json,96.0,32.0
Post,0.2170768,7568.json,112.0,41.0
Saved,0.036724538,7568.json,104.0,57.0
Blocked,0.12016924,7569.json,101.0,40.0
Wayward,0.18272044,7569.json,104.0,33.0
Off T,0.006804785,7569.json,78.0,22.0
Blocked,0.048992414,7569.json,104.0,27.0
Saved,0.07830034,7569.json,102.0,48.0
Off T,0.048267953,7569.json,109.0,54.0
Blocked,0.04845559,7569.json,105.0,54.0
Saved,0.05502656,7569.json,109.0,54.0
Wayward,0.060271066,7569.json,103.0,51.0
Saved,0.034605168,7569.json,104.0,56.0
Saved,0.022962598,7570.json,93.0,52.0
Blocked,0.25720772,7570.json,117.0,40.0
Off T,0.17350295,7570.json,112.0,42.0
Blocked,0.037858445,7570.json,109.0,55.0
Wayward,0.07114903,7570.json,109.0,35.0
Wayward,0.0480227,7570.json,108.0,27.0
Goal,0.07781259,7570.json,105.0,53.0
Blocked,0.06467166,7570.json,107.0,54.0
Off T,0.08778975,7570.json,113.0,29.0
Saved,0.033191733,7571.json,107.0,23.0
Saved,0.011666485,7571.json,104.0,59.0
Saved,0.11951581,7571.json,113.0,52.0
Off T,0.103540555,7571.json,108.0,51.0
Off T,0.18346742,7572.json,113.0,38.0
Saved,0.059056483,7572.json,100.0,28.0
Blocked,0.054395676,7572.json,98.0,32.0
Saved,0.062735535,7572.json,97.0,43.0
Saved,0.13426797,7572.json,108.0,39.0
Saved,0.011623721,7572.json,114.0,58.0
Blocked,0.04554054,7572.json,97.0,32.0
Off T,0.09800385,7572.json,106.0,35.0
Off T,0.26756054,7572.json,109.0,43.0
Off T,0.17203248,7576.json,106.0,38.0
Goal,0.07830886,7576.json,105.0,45.0
Post,0.0092897555,7576.json,103.0,20.0
Off T,0.073567346,7576.json,110.0,29.0
Off T,0.02081828,7576.json,87.0,35.0
Goal,0.035519395,7576.json,99.0,52.0
Off T,0.17698126,7576.json,110.0,35.0
Blocked,0.02902798,7577.json,104.0,23.0
Blocked,0.025924886,7577.json,92.0,41.0
Saved,0.03535338,7577.json,110.0,24.0
Saved,0.28293425,7577.json,109.0,51.0
Saved,0.0775573,7577.json,108.0,52.0
Saved,0.07760219,7577.json,99.0,34.0
Blocked,0.032190975,7577.json,97.0,50.0
Saved,0.060392763,7578.json,97.0,32.0
Off T,0.005622683,7578.json,83.0,53.0
Wayward,0.07929382,7578.json,105.0,48.0
Blocked,0.019357108,7578.json,88.0,37.0
Saved,0.20541766,7578.json,114.0,48.0
Off T,0.009718898,7578.json,92.0,19.0
Blocked,0.031815737,7578.json,94.0,50.0
Saved,0.008270875,7578.json,98.0,62.0
Blocked,0.06409918,7578.json,105.0,52.0
Saved,0.058034446,7578.json,99.0,34.0
Saved,0.030363295,7579.json,97.0,50.0
Goal,0.17684262,7579.json,114.0,46.0
Blocked,0.008421112,7579.json,95.0,20.0
Blocked,0.036250863,7579.json,97.0,47.0
Blocked,0.024766764,7579.json,92.0,38.0
Wayward,0.15864636,7579.json,111.0,37.0
Wayward,0.059729163,7579.json,110.0,46.0
Blocked,0.06765104,7579.json,100.0,44.0
Goal,0.15867314,7579.json,112.0,43.0
Off T,0.10598899,7579.json,103.0,40.0
Off T,0.0060694856,7579.json,90.0,19.0
Saved,0.04317439,7579.json,110.0,54.0
Blocked,0.027343327,7580.json,96.0,27.0
Goal,0.024150338,7580.json,100.0,56.0
Blocked,0.07552241,7580.json,108.0,35.0
Goal,0.117784284,7580.json,112.0,30.0
Goal,0.22098207,7580.json,107.0,51.0
Off T,0.07977028,7580.json,108.0,27.0
Blocked,0.15172864,7580.json,106.0,48.0
Blocked,0.017985687,7580.json,114.0,55.0
Goal,0.19387953,7580.json,112.0,37.0
Blocked,0.037469286,7581.json,96.0,37.0
Saved,0.13162047,7581.json,111.0,50.0
Saved,0.038346656,7581.json,94.0,32.0
Off T,0.0686043,7581.json,115.0,52.0
Blocked,0.012094772,7581.json,108.0,21.0
Saved,0.070741735,7581.json,107.0,50.0
Off T,0.04147935,7581.json,101.0,30.0
Saved,0.012468111,7581.json,97.0,58.0
Off T,0.036073588,7581.json,97.0,50.0
Off T,0.020794695,7581.json,88.0,40.0
Blocked,0.04311312,7581.json,98.0,30.0
Off T,0.034648996,7581.json,98.0,28.0
Off T,0.13442212,7582.json,104.0,31.0
Saved,0.0372205,7582.json,117.0,51.0
Saved,0.042886272,7582.json,99.0,34.0
Saved,0.023757927,7582.json,115.0,26.0
Blocked,0.03283686,7582.json,104.0,24.0
Off T,0.22104914,7582.json,112.0,39.0
Off T,0.011966425,7582.json,84.0,40.0
Blocked,0.06631583,7582.json,99.0,33.0
Saved,0.039532,7582.json,114.0,54.0
Blocked,0.08271377,7582.json,108.0,42.0
Off T,0.10102061,7582.json,101.0,44.0
Saved,0.08526068,7582.json,99.0,35.0
Blocked,0.05415287,7583.json,111.0,52.0
Saved,0.05178059,7583.json,96.0,43.0
Blocked,0.013404567,7583.json,111.0,58.0
Blocked,0.07629375,7583.json,105.0,41.0
Off T,0.052823946,7583.json,101.0,26.0
Saved,0.09010969,7583.json,111.0,30.0
Wayward,0.23268503,7583.json,115.0,32.0
Blocked,0.030468581,7583.json,93.0,31.0
Blocked,0.039249714,7583.json,102.0,48.0
Off T,0.03874606,7583.json,95.0,33.0
Goal,0.9257403,7583.json,119.0,43.0
Blocked,0.037245482,7583.json,92.0,33.0
Saved,0.12308221,7583.json,107.0,43.0
Blocked,0.03328007,7583.json,91.0,41.0
Saved,0.026730016,7583.json,106.0,54.0
Off T,0.10312629,7583.json,104.0,40.0
Saved,0.025631027,7583.json,97.0,55.0
Off T,0.013872243,7583.json,111.0,59.0
Blocked,0.02329228,7584.json,95.0,33.0
Wayward,0.29904982,7584.json,114.0,41.0
Blocked,0.074351706,7584.json,102.0,46.0
Saved,0.038630188,7584.json,102.0,26.0
Wayward,0.37606573,7584.json,118.0,45.0
Blocked,0.15255512,7584.json,103.0,33.0
Off T,0.02434906,7584.json,93.0,49.0
Blocked,0.0644201,7584.json,109.0,24.0
Post,0.10597108,7584.json,105.0,47.0
Wayward,0.09700912,7584.json,110.0,41.0
Off T,0.03521874,7584.json,102.0,26.0
Blocked,0.05377961,7584.json,107.0,49.0
Off T,0.15798207,7584.json,115.0,46.0
Off T,0.10102822,7584.json,110.0,48.0
Off T,0.03213666,7584.json,100.0,54.0
Blocked,0.1751244,7584.json,112.0,46.0
Blocked,0.062116995,7584.json,102.0,45.0
Blocked,0.09275014,7584.json,109.0,30.0
Wayward,0.012124663,7584.json,113.0,23.0
Off T,0.11867756,7584.json,114.0,47.0
Blocked,0.12930113,7584.json,113.0,30.0
Saved,0.02341678,7584.json,96.0,24.0
Blocked,0.021760419,7585.json,97.0,56.0
Off T,0.0061799968,7585.json,90.0,18.0
Blocked,0.06310501,7585.json,101.0,46.0
Off T,0.02860382,7585.json,92.0,49.0
Off T,0.008124489,7585.json,94.0,59.0
Saved,0.02089629,7585.json,94.0,47.0
Blocked,0.06629666,7585.json,109.0,42.0
Off T,0.1108727,7585.json,108.0,39.0
Off T,0.0066578025,7586.json,89.0,60.0
Off T,0.053133797,7586.json,108.0,56.0
Off T,0.057390075,7586.json,112.0,51.0
Off T,0.006197928,7586.json,81.0,48.0
Off T,0.126767,7586.json,109.0,47.0
Goal,0.0959111,7586.json,101.0,42.0
Off T,0.026191495,7586.json,93.0,49.0
Saved,0.009722147,7586.json,93.0,21.0
Saved,0.05994916,7586.json,112.0,30.0
Wayward,0.0074050077,8649.json,91.0,22.0
Off T,0.15214236,8649.json,115.0,48.0
Saved,0.16249157,8649.json,108.0,50.0
Off T,0.030082064,8649.json,101.0,54.0
Goal,0.009682582,8649.json,97.0,21.0
Off T,0.06060878,8649.json,99.0,32.0
Off T,0.046135314,8649.json,102.0,52.0
Blocked,0.06590014,8650.json,106.0,31.0
Off T,0.022908047,8650.json,92.0,29.0
Blocked,0.17421605,8650.json,109.0,46.0
Blocked,0.27625608,8650.json,115.0,37.0
Saved,0.06166237,8650.json,96.0,33.0
Goal,0.036171924,8650.json,102.0,54.0
Off T,0.24829954,8650.json,110.0,45.0
Saved,0.035845775,8650.json,117.0,51.0
Saved,0.011885792,8650.json,112.0,58.0
Blocked,0.041887954,8650.json,98.0,36.0
Blocked,0.0066976612,8650.json,91.0,58.0
Saved,0.014297066,8650.json,110.0,58.0
Goal,0.22554597,8650.json,111.0,42.0
Off T,0.080149576,8650.json,111.0,30.0
Off T,0.14369768,8650.json,107.0,33.0
Blocked,0.047560986,8650.json,96.0,37.0
Off T,0.018292004,8651.json,86.0,43.0
Blocked,0.11924116,8651.json,111.0,51.0
Off T,0.006110725,8651.json,97.0,13.0
Blocked,0.014800565,8651.json,95.0,23.0
Off T,0.0686475,8651.json,105.0,47.0
Blocked,0.053019132,8651.json,102.0,29.0
Blocked,0.011284669,8651.json,107.0,20.0
Blocked,0.0804723,8651.json,98.0,43.0
Blocked,0.05210773,8652.json,109.0,56.0
Goal,0.054310873,8652.json,94.0,34.0
Wayward,0.19544125,8652.json,115.0,37.0
Goal,0.27280724,8652.json,113.0,38.0
Saved,0.087689966,8652.json,105.0,40.0
Off T,0.010444446,8652.json,97.0,20.0
Blocked,0.01865522,8652.json,90.0,31.0
Blocked,0.10036894,8652.json,105.0,39.0
Blocked,0.015816402,8652.json,114.0,57.0
Off T,0.009529337,8652.json,99.0,20.0
Saved,0.029163998,8652.json,94.0,32.0
Off T,0.02582844,8655.json,109.0,23.0
Blocked,0.012269703,8655.json,107.0,21.0
Off T,0.27923512,8655.json,103.0,48.0
Wayward,0.13975486,8655.json,107.0,32.0
Off T,0.039881397,8655.json,98.0,30.0
Off T,0.16416734,8655.json,109.0,36.0
Blocked,0.028874304,8655.json,96.0,50.0
Saved,0.07446188,8655.json,114.0,53.0
Wayward,0.10427744,8655.json,105.0,30.0
Off T,0.1676629,8655.json,111.0,40.0
Blocked,0.09775021,8655.json,107.0,31.0
Blocked,0.05599482,8655.json,99.0,30.0
Blocked,0.10079972,8655.json,112.0,34.0
Off T,0.006324989,8655.json,93.0,60.0
Wayward,0.07526151,8655.json,107.0,38.0
Off T,0.047261972,8655.json,100.0,32.0
Saved,0.017900085,8655.json,91.0,27.0
Saved,0.084246874,8655.json,103.0,46.0
Blocked,0.062660925,8656.json,98.0,41.0
Off T,0.07025741,8656.json,102.0,41.0
Off T,0.014083298,8656.json,88.0,51.0
Post,0.15445817,8656.json,112.0,30.0
Saved,0.33236027,8656.json,111.0,44.0
Off T,0.03295447,8656.json,95.0,45.0
Saved,0.071416385,8656.json,113.0,52.0
Off T,0.006736835,8656.json,89.0,57.0
Blocked,0.020738635,8656.json,92.0,51.0
Blocked,0.07233582,8656.json,101.0,34.0
Saved,0.4161531,8656.json,114.0,39.0
Off T,0.12152097,8656.json,109.0,52.0
Goal,0.31685346,8657.json,113.0,41.0
Saved,0.05882345,8657.json,108.0,29.0
Saved,0.036182866,8657.json,91.0,31.0
Off T,0.09063098,8657.json,104.0,41.0
Blocked,0.04268021,8657.json,97.0,40.0
Blocked,0.081707664,8657.json,106.0,51.0
Saved,0.033268016,8657.json,94.0,50.0
Off T,0.10776293,8657.json,109.0,43.0
Saved,0.05185313,8657.json,109.0,55.0
Saved,0.025575599,8657.json,99.0,23.0
Goal,0.3587584,8657.json,112.0,35.0
Wayward,0.10217809,8658.json,108.0,41.0
Saved,0.07285214,8658.json,108.0,26.0
Saved,0.01856424,8658.json,115.0,55.0
Wayward,0.06951273,8658.json,112.0,29.0
Blocked,0.034007873,8658.json,96.0,29.0
Goal,0.04485787,8658.json,94.0,40.0
Goal,0.5631902,8658.json,114.0,43.0
Off T,0.0050148317,8658.json,78.0,40.0
Off T,0.007053695,8658.json,90.0,24.0
Off T,0.20172782,9575.json,109.8,42.0
Off T,0.04162843,9575.json,100.3,49.3
Blocked,0.09928977,9575.json,111.8,48.1
Blocked,0.034974698,9575.json,96.0,46.3
Off T,0.085124165,9575.json,102.8,40.6
Blocked,0.028650945,9575.json,110.9,25.8
Goal,0.2199978,9575.json,108.2,40.1
Post,0.034475986,9575.json,97.8,34.2
Saved,0.053793248,9575.json,103.5,45.9
Wayward,0.05053852,9581.json,106.2,24.9
Saved,0.07010733,9581.json,96.8,47.4
Blocked,0.033848777,9581.json,112.1,27.8
Goal,0.1732524,9581.json,108.4,34.9
Blocked,0.00566639,9581.json,93.8,64.6
Wayward,0.072419055,9581.json,110.9,45.9
Blocked,0.058117915,9581.json,99.9,46.3
Blocked,0.03838975,9581.json,96.2,40.7
Goal,0.21361075,9592.json,116.1,33.8
Post,0.08623911,9592.json,104.5,37.8
Blocked,0.097778685,9592.json,109.1,35.0
Wayward,0.006322466,9592.json,85.0,22.7
Blocked,0.052257266,9592.json,104.2,33.8
Off T,0.084849656,9592.json,102.7,37.2
Blocked,0.02932574,9592.json,95.2,32.3
Saved,0.0445352,9602.json,98.2,29.7
Off T,0.033396807,9602.json,110.5,24.7
Saved,0.031126885,9602.json,91.1,39.5
Goal,0.18190138,9602.json,112.4,50.2
Saved,0.31097218,9609.json,105.5,33.9
Blocked,0.013926528,9609.json,111.9,56.2
Saved,0.07069023,9609.json,102.2,42.8
Goal,0.24963064,9609.json,111.8,29.0
Goal,0.18651718,9609.json,111.2,35.7
Off T,0.013573407,9609.json,90.9,25.6
Post,0.13407874,9609.json,111.3,52.3
Goal,0.11769616,9609.json,111.7,46.3
Blocked,0.04600832,9609.json,96.2,39.7
Saved,0.020096658,9620.json,113.7,54.4
Off T,0.14685899,9620.json,110.0,33.3
Saved,0.03950367,9620.json,97.5,46.7
Saved Off Target,0.02194897,9620.json,89.8,51.2
Off T,0.09248277,9620.json,104.1,31.2
Off T,0.073523834,9620.json,106.7,36.0
Saved,0.028677264,9636.json,93.1,50.6
Post,0.13977925,9636.json,110.6,48.3
Saved,0.034128897,9636.json,100.1,30.2
Off T,0.016995782,9636.json,90.0,52.4
Saved,0.06051614,9636.json,109.6,27.3
Blocked,0.12076175,9636.json,108.4,48.9
Wayward,0.008343377,9636.json,86.3,55.1
Goal,0.03392995,9642.json,98.4,32.1
Blocked,0.03482873,9642.json,101.9,28.6
Blocked,0.082107395,9642.json,112.3,29.7
Blocked,0.025948292,9642.json,102.5,24.8
Off T,0.052994143,9642.json,110.4,25.6
Saved,0.046763822,9642.json,111.3,25.6
Off T,0.1372938,9642.json,103.0,40.9
Off T,0.026691698,9642.json,97.2,25.8
Saved,0.21989502,9642.json,110.1,49.3
Off T,0.13291349,9642.json,100.2,34.5
Goal,0.48004502,9650.json,115.7,36.5
Wayward,0.057409506,9650.json,108.9,56.4
Wayward,0.09765618,9650.json,112.0,32.5
Blocked,0.033915862,9650.json,109.3,23.9
Saved,0.04702447,9650.json,109.4,24.8
Blocked,0.09075809,9650.json,106.8,40.9
Saved,0.07961738,9650.json,104.7,42.6
Off T,0.7029638,9650.json,112.1,44.2
Saved,0.034024898,9650.json,94.8,33.5
Off T,0.054905906,9650.json,106.4,46.6
Blocked,0.021278273,9650.json,92.5,52.6
Off T,0.07934443,9650.json,104.9,30.3
Saved,0.046607107,9650.json,107.5,24.4
Saved,0.08011545,9661.json,109.2,42.9
Saved,0.4423465,9661.json,105.1,36.8
Post,0.5978338,9661.json,115.7,44.8
Saved,0.03189309,9661.json,95.7,54.3
Blocked,0.025539787,9661.json,111.6,55.7
Off T,0.035824973,9661.json,92.5,42.1
Blocked,0.059069287,9661.json,100.7,38.8
Off T,0.028835226,9661.json,94.7,38.5
Blocked,0.12060197,9661.json,112.8,48.7
Saved,0.05604738,9661.json,108.5,50.9
Wayward,0.13390987,9661.json,113.1,36.3
Off T,0.012938566,9661.json,92.6,55.7
Saved,0.041803878,9661.json,109.7,27.1
Off T,0.038301665,9673.json,99.9,44.5
Off T,0.03859827,9673.json,96.7,33.0
Blocked,0.022269936,9673.json,104.8,52.3
Off T,0.09410028,9673.json,103.1,31.6
Off T,0.104496084,9673.json,100.8,37.1
Off T,0.011225311,9673.json,87.2,50.1
Blocked,0.025353007,9673.json,104.2,23.6
Blocked,0.08964337,9673.json,106.8,32.6
Goal,0.27448842,9673.json,113.0,42.3
Blocked,0.10980722,9673.json,106.0,49.3
Blocked,0.030827157,9673.json,102.4,26.1
Blocked,0.059478987,9682.json,107.8,37.4
Goal,0.6368667,9682.json,117.9,44.6
Saved,0.06543156,9682.json,106.6,25.8
Off T,0.006690591,9682.json,111.6,17.1
Saved,0.0066345665,9682.json,89.4,53.9
Saved,0.14460519,9682.json,113.7,30.7
Goal,0.06239574,9682.json,108.8,48.8
Saved,0.4874043,9682.json,109.5,34.2
Saved,0.01162108,9682.json,106.1,21.8
Off T,0.13877642,9682.json,107.9,42.6
Blocked,0.1374852,9682.json,108.1,34.1
Off T,0.1511844,9682.json,110.2,48.5
Blocked,0.091181114,9682.json,108.0,31.2
Saved,0.0067606387,9695.json,91.4,23.1
Blocked,0.05246234,9695.json,104.0,29.9
Saved,0.08140483,9695.json,100.3,45.1
Off T,0.095894,9695.json,101.0,33.0
Wayward,0.07284045,9695.json,99.7,33.9
Blocked,0.014476806,9695.json,91.9,29.8
Off T,0.0345678,9695.json,101.6,29.2
Wayward,0.06786265,9695.json,106.5,26.1
Off T,0.044538345,9695.json,106.1,55.8
Off T,0.089683354,9695.json,111.2,28.6
Saved,0.008577668,9700.json,112.0,20.9
Blocked,0.04499259,9700.json,107.2,51.5
Saved,0.5434207,9700.json,112.0,36.6
Goal,0.5475635,9700.json,115.8,42.5
Wayward,0.07370166,9700.json,112.8,27.0
Blocked,0.052463926,9700.json,112.1,32.5
Post,0.175617,9700.json,117.4,31.7
Blocked,0.04933521,9700.json,102.0,50.9
Off T,0.034746066,9700.json,92.2,30.9
Off T,0.06925291,9700.json,114.4,51.3
Saved,0.2532595,9700.json,104.1,38.3
Saved,0.08234711,9700.json,111.0,41.0
Blocked,0.10057845,9700.json,113.0,37.0
Saved,0.1347033,9700.json,113.0,34.4
Saved,0.026909553,9700.json,93.3,43.8
Off T,0.08129151,9700.json,106.8,40.8
Saved,0.2472442,9700.json,112.7,29.8
Off T,0.10543686,9700.json,109.6,41.7
Saved,0.07438257,9717.json,105.0,47.7
Saved,0.155044,9717.json,109.8,47.8
Off T,0.06101549,9717.json,100.4,37.4
Off T,0.003175602,9717.json,70.0,71.2
Post,0.23509152,9717.json,115.3,34.6
Blocked,0.052581944,9717.json,100.1,45.2
Off T,0.12941745,9717.json,107.4,31.9
Goal,0.8915343,9717.json,113.1,42.1
Goal,0.6201431,9717.json,108.7,43.1
Saved,0.13379538,9717.json,111.2,53.5
Off T,0.00335251,9726.json,56.5,26.0
Saved,0.053659633,9726.json,102.9,36.8
Saved,0.053536907,9726.json,101.3,31.7
Saved,0.14895692,9726.json,112.3,47.9
Post,0.2479206,9726.json,105.7,35.2
Saved,0.057737358,9726.json,104.6,46.5
Blocked,0.29593572,9726.json,112.2,38.1
Saved,0.78619653,9726.json,118.1,35.1
Blocked,0.019538632,9726.json,89.1,51.1
Goal,0.3479936,9726.json,113.1,33.4
Blocked,0.06666764,9726.json,108.9,28.9
Wayward,0.05468644,9726.json,99.6,33.8
Off T,0.010177946,9726.json,100.6,59.6
Blocked,0.015452087,9726.json,86.4,44.9
Post,0.3204966,9726.json,112.6,31.7
Goal,0.8863225,9726.json,115.2,40.4
Off T,0.06797425,9726.json,104.4,47.5
Blocked,0.02702784,9726.json,92.3,48.6
Saved,0.016621072,9736.json,113.5,25.0
Blocked,0.06683848,9736.json,113.6,46.8
Off T,0.022427704,9736.json,96.0,54.5
Post,0.08117249,9736.json,108.4,38.8
Off T,0.008076346,9736.json,100.5,19.3
Saved,0.07542607,9736.json,105.0,32.0
Goal,0.31440723,9736.json,109.2,33.7
Saved,0.040844053,9736.json,97.1,41.5
Saved,0.13456826,9736.json,103.6,33.4
Saved,0.0073405504,9736.json,95.9,60.6
Saved,0.09857846,9736.json,112.6,53.8
Blocked,0.061088257,9736.json,108.4,27.2
Off T,0.12919232,9736.json,109.0,28.1
Blocked,0.045255113,9742.json,108.7,47.1
Off T,0.11995469,9742.json,102.7,35.7
Saved,0.05462436,9742.json,100.5,47.3
Off T,0.024870576,9742.json,95.5,47.3
Saved,0.14862949,9742.json,116.4,30.0
Saved,0.33715823,9742.json,108.1,46.9
Off T,0.021128993,9742.json,87.6,41.6
Goal,0.13248621,9754.json,108.3,33.7
Blocked,0.07841923,9754.json,107.1,39.2
Blocked,0.10538064,9754.json,105.7,47.5
Saved,0.025687272,9754.json,101.7,26.5
Goal,0.049561273,9754.json,105.1,24.1
Off T,0.01605583,9754.json,118.3,52.6
Blocked,0.05258614,9754.json,104.7,51.0
Off T,0.13649935,9765.json,110.0,39.0
Off T,0.17550491,9765.json,106.0,40.3
Saved,0.024913318,9765.json,92.0,40.3
Goal,0.25411233,9765.json,103.5,28.7
Goal,0.084293015,9765.json,107.8,38.4
Goal,0.41498187,9765.json,108.7,32.4
Off T,0.02208615,9765.json,93.7,29.7
Saved,0.09399432,9765.json,104.8,46.6
Saved,0.12162598,9765.json,107.0,32.0
Goal,0.23859316,9765.json,107.7,30.7
Off T,0.03276371,9774.json,102.2,26.1
Blocked,0.060589027,9774.json,101.7,39.7
Blocked,0.086931266,9774.json,104.7,28.7
Saved,0.04209517,9774.json,95.5,46.2
Saved,0.20824239,9774.json,111.5,51.1
Goal,0.050300114,9774.json,115.3,50.3
Saved,0.12332555,9774.json,105.9,43.3
Saved,0.11301629,9783.json,112.4,48.4
Blocked,0.030124089,9783.json,92.6,42.6
Goal,0.123993464,9783.json,110.0,41.7
Saved,0.022277476,9794.json,93.1,26.7
Off T,0.020484373,9794.json,90.9,70.8
Off T,0.074251495,9799.json,102.8,53.5
Goal,0.86086696,9799.json,113.5,49.1
Post,0.0252167,9799.json,96.1,54.6
Blocked,0.020951629,9799.json,87.7,39.6
Off T,0.0641922,9799.json,102.1,31.0
Saved,0.08110992,9799.json,106.8,38.9
Off T,0.018948594,9799.json,90.4,29.8
Off T,0.1059517,9799.json,103.7,30.5
Saved,0.069619015,9799.json,106.2,28.4
Saved,0.4894891,9799.json,109.9,40.6
Goal,0.43681633,9799.json,107.6,30.9
Off T,0.019765193,9799.json,96.3,55.9
Goal,0.14785753,9811.json,104.9,27.8
Off T,0.018750405,9811.json,86.1,44.0
Off T,0.0605186,9811.json,97.2,32.9
Saved,0.066066146,9811.json,111.8,54.5
Blocked,0.03351034,9811.json,99.2,26.6
Off T,0.059753884,9811.json,98.3,37.4
Goal,0.28102666,9811.json,107.0,41.7
Blocked,0.019298594,9811.json,85.8,34.3
Goal,0.52944916,9811.json,112.6,37.5
Post,0.11418515,9811.json,103.6,29.5
Saved,0.081631415,9811.json,104.8,28.8
Off T,0.088065565,9811.json,114.5,51.7
Goal,0.018734124,9811.json,97.6,22.8
Blocked,0.066688344,9811.json,115.4,32.9
Saved,0.065592125,9811.json,97.3,41.1
Off T,0.028581422,9827.json,118.1,30.9
Off T,0.059386708,9827.json,106.5,28.6
Off T,0.0064546093,9837.json,85.0,28.2
Blocked,0.069668524,9837.json,99.4,48.4
Saved,0.034235157,9837.json,99.6,47.2
Saved,0.057710644,9837.json,108.3,27.3
Blocked,0.06062508,9837.json,100.9,52.7
Off T,0.038788874,9837.json,95.7,39.2
Blocked,0.046816606,9837.json,99.8,48.7
Blocked,0.099879466,9837.json,99.7,44.2
Off T,0.11018492,9837.json,105.1,28.2
Saved,0.083627425,9855.json,99.8,43.7
Saved,0.16346022,9855.json,114.2,33.6
Goal,0.056776803,9855.json,100.4,39.8
Post,0.38453746,9855.json,114.9,35.8
Post,0.051104873,9855.json,99.0,39.6
Off T,0.048353378,9855.json,107.6,23.2
Saved,0.08688574,9855.json,105.5,28.2
Saved,0.08578975,9855.json,101.0,36.0
Off T,0.06019968,9855.json,110.0,42.6
Saved,0.09166158,9855.json,101.1,44.2
Saved,0.03979124,9860.json,108.6,24.6
Off T,0.11325755,9860.json,106.5,34.2
Blocked,0.03747375,9860.json,105.6,26.9
Saved,0.022557905,9860.json,91.7,28.7
Wayward,0.06506932,9860.json,113.7,26.2
Off T,0.054514825,9860.json,101.7,35.5
Saved,0.14668071,9860.json,110.3,27.7
Goal,0.0956086,9860.json,106.7,38.0
Blocked,0.314874,9860.json,111.5,49.4
Off T,0.30088213,9860.json,110.8,32.2
Off T,0.11583667,9860.json,107.1,30.6
Blocked,0.10775261,9860.json,104.9,46.4
Off T,0.030555004,9860.json,88.4,41.1
Off T,0.045385756,9860.json,103.9,55.6
Blocked,0.053724587,9860.json,107.9,28.8
Off T,0.029525133,9860.json,93.6,42.5
Saved,0.032882098,9860.json,110.1,55.0
Blocked,0.09482732,9860.json,106.5,33.8
Goal,0.042512797,9860.json,95.0,39.0
Blocked,0.04340638,9870.json,98.5,42.9
Blocked,0.038016535,9870.json,107.6,53.1
Saved,0.6732671,9870.json,113.4,42.4
Blocked,0.079452656,9870.json,110.9,40.7
Goal,0.17395128,9870.json,106.0,37.1
Off T,0.07568155,9870.json,111.0,36.1
Off T,0.066626236,9870.json,108.1,41.0
Goal,0.07939683,9870.json,101.9,45.1
Saved,0.03735973,9870.json,98.1,62.5
Saved,0.025283428,9880.json,92.8,32.9
Blocked,0.0064322916,9880.json,87.3,53.0
Saved to Post,0.19759402,9880.json,108.8,41.0
Off T,0.08205735,9880.json,111.8,33.9
Off T,0.069981925,9880.json,110.2,44.0
Blocked,0.37418213,9880.json,107.6,34.8
Saved,0.098247774,9880.json,100.3,41.5
Off T,0.05298618,9880.json,97.8,49.2
Off T,0.0612357,9880.json,100.1,39.3
Saved,0.12074393,9880.json,109.8,46.5
Off T,0.018506967,9880.json,95.8,23.3
Saved,0.032315265,9880.json,95.3,34.8
Off T,0.16177641,9880.json,115.6,42.8
Off T,0.088041656,9889.json,117.1,30.2
Saved,0.20489138,9889.json,107.6,38.1
Blocked,0.056611445,9889.json,108.4,49.4
Off T,0.13168529,9889.json,104.7,46.8
Blocked,0.07332157,9889.json,106.5,49.1
Blocked,0.023750326,9889.json,97.7,24.3
Wayward,0.0595468,9889.json,100.3,47.1
Saved,0.07588872,9889.json,105.3,38.9
Goal,0.117362216,9889.json,102.6,34.1
Goal,0.86488307,9889.json,117.8,40.6
Saved,0.15663888,9889.json,115.1,33.8
Off T,0.14196432,9889.json,107.4,31.4
Saved,0.008909564,9889.json,95.2,20.8
Saved,0.035656154,9889.json,95.6,50.0
Saved,0.54773974,9889.json,114.8,40.6
Goal,0.73494434,9889.json,118.8,37.0
Off T,0.078121476,9889.json,98.1,36.9
Off T,0.04123735,9889.json,96.3,39.9
Off T,0.030459335,9889.json,104.1,24.2
Off T,0.04559686,9889.json,115.7,27.7
Saved,0.07296756,9889.json,98.9,37.3
Goal,0.27535197,9889.json,114.8,37.3
Blocked,0.21170771,9889.json,113.0,37.8
Goal,0.06362023,9912.json,103.7,48.3
Off T,0.026945202,9912.json,94.9,27.8
Off T,0.0535562,9912.json,97.5,38.1
Off T,0.2766022,9912.json,113.0,38.1
Goal,0.115233235,9912.json,115.1,29.8
Saved,0.04567424,9912.json,96.2,32.3
Off T,0.078109145,9912.json,112.7,49.3
Saved,0.02638637,9912.json,102.0,28.7
Goal,0.3641664,9912.json,110.9,38.6
Blocked,0.11306126,9912.json,101.8,37.0
Goal,0.62983155,9912.json,114.9,42.9
Off T,0.35849044,9912.json,112.0,36.2
Blocked,0.10639363,9924.json,108.4,47.1
Saved,0.006806507,9924.json,105.1,14.1
Goal,0.121508956,9924.json,111.7,33.5
Goal,0.5479226,9924.json,117.1,38.2
Off T,0.019772023,9924.json,111.7,23.9
Off T,0.037990768,9924.json,100.4,28.5
Off T,0.06343192,9924.json,112.2,27.9
Off T,0.02633322,9924.json,97.8,48.3
Off T,0.07575099,9924.json,98.5,38.7
Saved,0.09313961,9924.json,103.3,33.0
Goal,0.107331924,9924.json,103.6,36.2
Blocked,0.02004997,9924.json,91.8,49.4
Wayward,0.053425513,9924.json,107.7,28.9
Off T,0.030279562,9924.json,107.3,53.5
Saved,0.018667642,9924.json,114.9,54.7
Blocked,0.021781756,9924.json,89.7,33.8
Saved,0.06494319,9928.json,100.0,50.3
Goal,0.49715567,9928.json,114.0,37.0
Off T,0.026246391,9928.json,99.7,26.7
Blocked,0.015409331,9928.json,105.6,57.1
Saved,0.070552014,9928.json,113.4,28.3
Blocked,0.07231441,9928.json,105.1,42.0
Saved,0.020898847,9928.json,95.0,25.8
Off T,0.03481078,9928.json,97.5,55.0
Blocked,0.07964838,9928.json,103.7,34.8
Goal,0.2429506,9928.json,109.8,40.6
Blocked,0.045192387,9928.json,95.7,46.4
Wayward,0.14392917,9928.json,105.0,37.8
Saved,0.07320301,9928.json,100.2,30.6
Blocked,0.037569158,9928.json,93.1,45.8
Goal,0.7637712,9928.json,116.8,36.2
Off T,0.041741986,9928.json,95.5,38.5
Saved,0.087394096,9948.json,109.8,40.0
Saved,0.037983835,9948.json,97.2,54.3
Off T,0.21406023,9948.json,108.2,48.9
Off T,0.09892801,9948.json,100.9,45.0
Goal,0.019863067,9948.json,97.3,26.4
Off T,0.02525317,9948.json,101.5,56.7
Blocked,0.094428696,9948.json,103.5,46.2
Off T,0.1715001,9948.json,104.1,51.2
Off T,0.05166811,15946.json,113.9,26.4
Off T,0.1226044,15946.json,109.2,39.1
Saved,0.12335509,15946.json,102.5,30.1
Saved,0.21425198,15946.json,116.5,31.2
Post,0.069850795,15946.json,106.3,47.0
Wayward,0.015054672,15946.json,88.5,41.2
Goal,0.10534308,15946.json,105.3,33.4
Goal,0.42062446,15946.json,111.5,36.2
Off T,0.018746857,15956.json,119.2,27.8
Saved,0.025371064,15956.json,88.9,46.8
Off T,0.024100218,15956.json,92.0,28.6
Saved,0.15582989,15956.json,112.7,31.2
Off T,0.021421283,15956.json,91.8,50.2
Goal,0.13622634,15973.json,110.2,50.8
Saved,0.023244508,15973.json,89.8,48.6
Saved,0.011664363,15973.json,103.2,58.6
Saved,0.098762296,15973.json,111.5,34.6
Blocked,0.03473062,15973.json,95.0,35.6
Goal,0.45260957,15973.json,114.0,35.0
Blocked,0.037576083,15973.json,96.6,33.2
Goal,0.34831178,15973.json,111.8,31.3
Off T,0.046713583,15973.json,101.0,47.2
Wayward,0.048043124,15978.json,99.4,50.9
Saved,0.066337906,15978.json,112.1,25.9
Saved,0.39678013,15978.json,107.6,34.0
Saved,0.04333229,15978.json,98.1,28.9
Off T,0.08263005,15978.json,112.4,49.3
Off T,0.1446939,15978.json,109.6,39.7
Blocked,0.10335443,15978.json,106.6,41.4
Saved,0.20269015,15986.json,105.2,32.2
Goal,0.2065906,15986.json,105.4,41.7
Saved,0.069064945,15986.json,106.1,25.6
Saved,0.036971256,15986.json,97.6,29.9
Blocked,0.11886153,15986.json,114.0,51.8
Blocked,0.04499091,15986.json,100.5,30.8
Goal,0.3684687,15986.json,113.3,46.6
Saved,0.062174533,15986.json,107.7,36.5
Blocked,0.07070966,15986.json,104.7,36.8
Saved,0.41140586,15986.json,110.9,30.1
Goal,0.08853115,15986.json,102.9,31.2
Off T,0.045253836,15986.json,95.3,33.0
Off T,0.011040762,15998.json,100.0,19.0
Saved,0.08441909,15998.json,100.4,41.6
Off T,0.02089551,15998.json,89.6,29.2
Blocked,0.017028803,15998.json,101.1,58.1
Saved,0.010002077,15998.json,100.8,20.8
Goal,0.48887327,15998.json,104.6,37.0
Blocked,0.097248055,15998.json,105.5,39.9
Off T,0.086565,16010.json,96.4,36.5
Saved,0.024788521,16010.json,90.5,32.5
Saved,0.010899423,16010.json,98.2,58.3
Blocked,0.086023055,16010.json,107.5,49.2
Blocked,0.040588498,16010.json,105.9,51.8
Blocked,0.027267875,16010.json,101.4,23.6
Post,0.08154796,16010.json,107.9,32.3
Off T,0.029911907,16010.json,100.0,34.3
Saved,0.027658284,16023.json,106.5,27.4
Saved,0.08765943,16023.json,98.9,39.7
Off T,0.0032122005,16023.json,77.1,78.0
Saved,0.034218077,16023.json,95.8,47.7
Goal,0.058597814,16023.json,96.8,40.4
Blocked,0.097958855,16023.json,109.6,39.3
Off T,0.043873113,16023.json,109.0,24.1
Blocked,0.04075383,16023.json,102.8,28.6
Off T,0.057791147,16023.json,98.6,36.6
Saved,0.0645367,16023.json,114.5,26.9
Blocked,0.04758354,16023.json,97.8,38.8
Off T,0.02589074,16023.json,108.9,55.9
Blocked,0.015836753,16023.json,101.5,22.1
Saved,0.04160071,16023.json,98.5,32.0
Post,0.035078652,16029.json,99.4,26.3
Blocked,0.07489057,16029.json,114.0,29.0
Off T,0.0061415313,16029.json,85.0,51.0
Saved,0.07317054,16029.json,101.0,42.2
Off T,0.12450019,16029.json,113.6,47.9
Saved,0.21846116,16029.json,109.0,51.0
Saved,0.009153174,16029.json,100.1,18.1
Off T,0.15434349,16029.json,115.7,50.2
Blocked,0.04664208,16029.json,105.1,51.1
Off T,0.22255927,16029.json,111.2,49.3
Saved,0.15973142,16029.json,109.3,39.2
Saved,0.15026446,16029.json,115.0,33.0
Off T,0.045906506,16029.json,109.5,55.1
Wayward,0.10386241,16029.json,108.0,46.0
Saved,0.0658176,16029.json,101.8,38.6
Blocked,0.022372017,16029.json,97.0,55.1
Blocked,0.079445854,16029.json,105.1,33.1
Off T,0.06981701,16056.json,100.1,37.9
Blocked,0.04403641,16056.json,104.3,32.2
Blocked,0.02935495,16056.json,106.9,26.5
Goal,0.12209966,16056.json,108.5,29.1
Saved,0.048963465,16056.json,101.3,30.4
Off T,0.077726476,16056.json,99.0,49.6
Off T,0.058183625,16056.json,104.0,47.4
Off T,0.0454285,16056.json,100.3,40.3
Saved,0.03870948,16056.json,94.6,39.4
Off T,0.106359765,16056.json,104.7,50.0
Goal,0.8558316,16056.json,111.3,45.1
Goal,0.92521083,16056.json,117.4,37.2
Blocked,0.03211134,16073.json,100.8,27.3
Saved,0.072328605,16079.json,100.7,49.3
Off T,0.034600973,16079.json,94.9,46.7
Saved,0.02872319,16079.json,99.8,55.1
Blocked,0.07213044,16079.json,108.1,48.1
Blocked,0.070222855,16079.json,105.8,53.5
Blocked,0.08442668,16079.json,107.5,45.3
Blocked,0.0425918,16079.json,93.7,39.9
Blocked,0.056840394,16079.json,103.3,44.9
Wayward,0.1073635,16086.json,101.9,49.9
Saved,0.16804774,16086.json,109.1,31.1
Goal,0.056286942,16086.json,110.1,26.1
Off T,0.02279801,16086.json,94.0,53.0
Post,0.29755476,16086.json,112.1,37.1
Blocked,0.18966863,16086.json,115.1,46.1
Saved,0.24706541,16086.json,112.0,38.9
Post,0.25297776,16086.json,113.1,47.1
Off T,0.12246964,16086.json,113.0,43.0
Goal,0.014568271,16086.json,119.0,30.9
Saved,0.083256885,16086.json,101.1,50.9
Blocked,0.031098267,16086.json,99.1,50.1
Blocked,0.08047921,16086.json,106.5,36.9
Wayward,0.07438837,16086.json,102.1,32.1
Off T,0.03404741,16095.json,95.6,40.7
Post,0.26520702,16095.json,112.1,33.1
Blocked,0.05623473,16095.json,107.3,26.5
Goal,0.24644971,16095.json,109.7,40.9
Off T,0.0066075632,16095.json,90.9,57.6
Goal,0.135215,16095.json,103.6,38.4
Saved,0.35086522,16095.json,112.0,50.1
Off T,0.029190991,16095.json,91.7,45.5
Off T,0.04919532,16095.json,94.9,40.7
Off T,0.10116166,16095.json,101.2,36.0
Saved,0.383022,16095.json,109.5,48.5
Goal,0.30244762,16095.json,109.4,37.4
Saved,0.048020724,16095.json,95.0,39.7
Blocked,0.06863178,16109.json,95.7,50.3
Saved,0.055137943,16109.json,100.8,41.4
Off T,0.07410925,16109.json,101.1,46.2
Blocked,0.06126856,16109.json,110.1,45.2
Blocked,0.040355004,16109.json,107.5,25.8
Saved,0.051744636,16109.json,102.3,45.9
Saved,0.008507477,16109.json,100.7,61.4
Off T,0.12042114,16120.json,103.7,48.2
Saved,0.15501873,16120.json,108.5,34.0
Goal,0.3412828,16120.json,117.0,31.0
Saved,0.020744916,16120.json,117.0,52.0
Off T,0.07770694,16120.json,102.6,43.9
Goal,0.9267157,16120.json,118.7,39.4
Blocked,0.053423654,16120.json,107.4,29.0
Saved,0.021718958,16120.json,92.9,40.1
Blocked,0.020926522,16120.json,115.2,53.4
Blocked,0.02350293,16131.json,97.9,25.5
Off T,0.061336692,16131.json,107.9,43.0
Goal,0.16109194,16131.json,110.5,30.6
Off T,0.07896166,16131.json,107.1,31.8
Off T,0.11836415,16131.json,112.9,37.5
Wayward,0.118807636,16131.json,114.9,47.7
Blocked,0.02123061,16136.json,94.2,27.5
Goal,0.24087648,16136.json,106.3,34.2
Off T,0.10780322,16136.json,102.2,42.5
Off T,0.11700418,16136.json,104.0,49.3
Blocked,0.0059025567,16136.json,104.1,61.6
Off T,0.025865955,16136.json,86.8,45.5
Saved,0.0402071,16136.json,96.2,46.6
Goal,0.47276723,16136.json,117.0,36.0
Saved,0.41482452,16149.json,105.3,32.9
Off T,0.04816221,16149.json,101.7,39.9
Blocked,0.06128772,16149.json,102.6,42.5
Saved,0.09752535,16149.json,108.3,52.4
Blocked,0.2613187,16149.json,112.3,43.7
Off T,0.026189543,16149.json,90.1,41.5
Saved,0.11613615,16149.json,104.0,33.2
Wayward,0.05862669,16149.json,109.4,37.5
Goal,0.27387187,16149.json,104.2,41.8
Blocked,0.027691992,16149.json,97.2,26.3
Off T,0.07803554,16149.json,100.5,35.0
Saved,0.2880414,16149.json,110.1,41.8
Saved,0.28493738,16149.json,107.8,32.8
Saved,0.13783462,16157.json,105.5,39.4
Off T,0.054653157,16157.json,101.8,48.0
Off T,0.021679128,16157.json,95.6,55.4
Saved,0.026478512,16157.json,95.1,26.0
Goal,0.3392258,16157.json,109.1,45.3
Off T,0.16006258,16157.json,110.5,45.1
Off T,0.018864078,16157.json,92.2,37.2
Blocked,0.08063847,16157.json,113.6,49.6
Saved,0.29411972,16157.json,112.2,49.0
Blocked,0.03919278,16157.json,100.0,52.0
Off T,0.09043971,16157.json,112.3,31.8
Off T,0.30879748,16157.json,114.5,44.8
Blocked,0.031171482,16157.json,103.0,23.6
Saved,0.033358097,16157.json,97.8,55.8
Off T,0.012637128,16173.json,99.6,20.0
Off T,0.16729754,16173.json,112.9,38.6
Blocked,0.051134743,16173.json,112.7,47.4
Saved,0.03248612,16173.json,107.0,34.4
Off T,0.025428154,16173.json,97.6,55.0
Off T,0.06488058,16173.json,98.7,35.1
Blocked,0.046458803,16173.json,113.4,47.4
Saved,0.030264368,16173.json,107.7,47.3
Saved,0.02937455,16173.json,106.2,57.0
Saved,0.030740153,16173.json,104.2,56.6
Saved,0.04703509,16182.json,108.0,55.8
Blocked,0.025135491,16182.json,96.1,27.0
Off T,0.048129868,16182.json,106.4,39.0
Wayward,0.036126632,16182.json,104.0,25.8
Saved,0.06395871,16182.json,100.6,47.0
Blocked,0.018478205,16182.json,107.6,57.1
Off T,0.0427221,16182.json,101.4,50.8
Off T,0.07491254,16182.json,100.3,44.1
Off T,0.035764903,16182.json,95.1,38.0
Blocked,0.021652868,16190.json,93.3,27.9
Blocked,0.057840433,16190.json,101.7,34.7
Saved,0.14909236,16190.json,107.8,43.9
Goal,0.17819898,16190.json,112.4,49.3
Wayward,0.23857883,16190.json,109.8,40.7
Blocked,0.023442488,16190.json,104.5,55.5
Blocked,0.037612785,16190.json,104.9,25.1
Goal,0.0855435,16190.json,103.8,45.0
Off T,0.026081862,16190.json,101.6,56.2
Saved,0.04284601,16190.json,97.9,37.7
Off T,0.10296906,16190.json,110.0,44.0
Goal,0.27486405,16190.json,105.7,34.2
Goal,0.08666088,16196.json,112.5,54.8
Saved,0.123097196,16196.json,99.9,38.9
Saved,0.3760662,16196.json,112.5,44.2
Wayward,0.056671873,16196.json,106.2,25.6
Saved,0.059080854,16196.json,100.6,27.5
Wayward,0.009436116,16196.json,116.0,24.0
Off T,0.07249398,16196.json,109.1,25.7
Off T,0.029478706,16196.json,91.9,34.6
Off T,0.059283435,16196.json,99.7,39.8
Saved,0.19224261,16205.json,107.9,34.7
Saved,0.13294333,16205.json,108.1,35.1
Blocked,0.018570108,16205.json,92.8,49.2
Off T,0.030892039,16215.json,107.5,23.2
Saved,0.18878463,16215.json,106.0,46.0
Blocked,0.047122307,16215.json,110.8,51.6
Goal,0.2838922,16215.json,109.1,37.8
Wayward,0.2215779,16215.json,117.4,30.7
Saved,0.057552837,16215.json,98.7,34.4
Post,0.20298362,16215.json,113.0,38.2
Off T,0.045171972,16231.json,100.8,50.3
Off T,0.050202962,16231.json,114.1,26.9
Saved,0.12478386,16231.json,113.0,28.4
Off T,0.024234088,16231.json,95.1,52.1
Off T,0.05541387,16231.json,104.2,29.9
Off T,0.09092206,16231.json,103.2,32.4
Goal,0.16834752,16231.json,108.1,36.1
Saved,0.01602844,16240.json,69.2,77.6
Blocked,0.08113837,16240.json,106.8,36.6
Goal,0.19307579,16240.json,116.2,33.4
Post,0.36740926,16240.json,110.5,44.5
Blocked,0.10133086,16240.json,109.1,43.6
Saved,0.05964955,16240.json,102.0,29.9
Off T,0.020667935,16240.json,87.2,42.4
Saved,0.27154848,16240.json,108.7,36.0
Off T,0.0074116597,16248.json,81.3,46.3
Blocked,0.008604273,16248.json,92.7,23.2
Post,0.31488147,16248.json,109.9,34.5
Saved,0.13298349,16248.json,113.0,32.6
Saved,0.086096756,16248.json,99.8,44.1
Saved,0.08353407,16248.json,102.6,37.2
Saved,0.07505362,16248.json,98.0,44.8
Saved,0.098306745,16248.json,99.5,40.7
Saved,0.0653796,16248.json,107.5,53.6
Saved,0.15923223,16265.json,115.8,30.8
Off T,0.17164022,16265.json,112.7,37.7
Saved,0.08642135,16265.json,107.8,27.8
Off T,0.1138656,16265.json,109.4,39.8
Saved,0.01599134,16265.json,93.2,24.5
Off T,0.07164713,16265.json,107.2,25.5
Off T,0.017707836,16265.json,85.3,42.4
Blocked,0.08979339,16265.json,105.1,44.8
Blocked,0.09436024,16275.json,111.2,33.4
Off T,0.046564475,16275.json,103.8,28.7
Saved,0.010371431,16275.json,105.6,20.9
Saved to Post,0.036729824,16275.json,112.7,27.4
Off T,0.14819801,16275.json,116.5,32.9
Off T,0.10983207,16275.json,106.3,30.3
Blocked,0.026766026,16289.json,96.0,34.9
Saved,0.03160557,16289.json,93.1,32.8
Saved,0.05932992,16289.json,95.2,33.2
Blocked,0.06583775,16289.json,104.3,47.8
Off T,0.026074365,16289.json,89.5,40.4
Off T,0.20058417,16289.json,107.3,32.7
Saved,0.065370984,16289.json,103.4,29.4
Off T,0.18546063,16306.json,106.5,43.8
Off T,0.03138824,16306.json,98.2,28.1
Saved,0.05844707,16306.json,101.7,42.6
Blocked,0.04523538,16306.json,99.8,41.4
Blocked,0.018234689,16306.json,95.5,30.3
Saved,0.5318036,16306.json,112.6,42.2
Off T,0.04373605,16306.json,95.6,45.6
Saved,0.0942768,16306.json,115.8,30.2
Blocked,0.12899871,16317.json,105.5,37.8
Saved,0.12654307,16317.json,108.1,46.6
Off T,0.0076118503,16317.json,61.4,54.8
Goal,0.047294553,16317.json,111.1,25.5
Saved,0.047247566,16317.json,115.1,28.0
Goal,0.20478109,16317.json,105.1,31.0
Saved,0.111209795,16317.json,106.4,42.5
Saved,0.18490595,16317.json,110.4,42.4
Off T,0.053833354,16317.json,110.2,55.0
Off T,0.19859353,16317.json,113.0,38.7
Off T,0.09632089,16317.json,107.3,32.1
Off T,0.06224955,16317.json,101.0,52.4
Off T,0.18124305,18235.json,114.0,48.0
Off T,0.0063452623,18235.json,92.0,63.0
Off T,0.029827887,18235.json,91.0,40.0
Goal,0.3830916,18235.json,107.0,46.0
Saved,0.03753288,18235.json,91.0,42.0
Off T,0.01996498,18235.json,91.0,50.0
Off T,0.00867654,18235.json,95.0,21.0
Blocked,0.01700997,18235.json,89.0,49.0
Off T,0.036953866,18235.json,94.0,48.0
Saved,0.08949893,18235.json,105.0,32.0
Saved,0.008772062,18235.json,105.0,61.0
Blocked,0.11061519,18235.json,110.0,47.0
Goal,0.20716602,18235.json,107.0,31.0
Blocked,0.007910266,18235.json,95.0,59.0
Blocked,0.017485753,18235.json,90.0,49.0
Blocked,0.05095734,18236.json,99.0,31.0
Goal,0.12857077,18236.json,105.0,47.0
Goal,0.15370104,18236.json,105.0,43.0
Goal,0.04044454,18236.json,94.0,43.0
Saved,0.034108758,18236.json,94.0,47.0
Off T,0.045260325,18236.json,99.0,48.0
Saved,0.01128677,18236.json,86.0,56.0
Off T,0.036090244,18237.json,106.0,56.0
Off T,0.013519322,18237.json,105.0,21.0
Off T,0.11301507,18237.json,108.0,40.0
Saved,0.013345487,18237.json,104.0,60.0
Off T,0.1432082,18237.json,106.0,42.0
Blocked,0.008729083,18237.json,93.0,57.0
Blocked,0.089607805,18237.json,103.0,40.0
Off T,0.04734362,18237.json,98.0,46.0
Blocked,0.01556608,18237.json,99.0,58.0
Blocked,0.06187052,18237.json,101.0,49.0
Off T,0.13611056,18237.json,108.0,47.0
Blocked,0.06493127,18237.json,104.0,31.0
Blocked,0.028141033,18237.json,92.0,46.0
Blocked,0.03778899,18237.json,98.0,47.0
Blocked,0.45943546,18237.json,113.0,43.0
Off T,0.044798315,18240.json,104.0,52.0
Saved,0.0207092,18240.json,88.0,33.0
Saved,0.0717146,18240.json,106.0,28.0
Saved,0.21232319,18240.json,109.0,52.0
Goal,0.60025716,18240.json,117.0,43.0
Saved,0.06450153,18240.json,111.0,54.0
Blocked,0.033446345,18240.json,88.0,34.0
Wayward,0.102628164,18240.json,101.0,46.0
Off T,0.04367414,18240.json,98.0,46.0
Blocked,0.030600615,18240.json,113.0,58.0
Off T,0.03376404,18241.json,100.0,51.0
Saved,0.028465914,18241.json,92.0,45.0
Saved,0.19635598,18241.json,109.0,27.0
Goal,0.62730366,18241.json,117.0,44.0
Goal,0.089923956,18241.json,102.0,34.0
Off T,0.046273656,18242.json,100.0,40.0
Off T,0.05160495,18242.json,101.0,52.0
Saved,0.10685889,18242.json,106.0,46.0
Off T,0.12633477,18242.json,104.0,48.0
Off T,0.052028827,18242.json,104.0,55.0
Saved,0.057236888,18242.json,105.0,25.0
Blocked,0.02202018,18242.json,95.0,24.0
Saved,0.023348866,18242.json,92.0,38.0
Saved,0.097749144,18242.json,108.0,44.0
Off T,0.0604446,18242.json,102.0,38.0
Saved,0.02337703,18242.json,88.0,39.0
Goal,0.26035696,18242.json,109.0,31.0
Blocked,0.023983413,18243.json,97.0,25.0
Blocked,0.020320546,18243.json,94.0,24.0
Off T,0.018110937,18243.json,101.0,58.0
Off T,0.049887635,18243.json,96.0,34.0
Off T,0.07256556,18243.json,105.0,40.0
Blocked,0.034006912,18243.json,95.0,45.0
Blocked,0.061375666,18243.json,100.0,31.0
Off T,0.02516255,18243.json,92.0,28.0
Saved,0.22443372,18243.json,110.0,52.0
Blocked,0.015440093,18243.json,85.0,39.0
Saved,0.34312502,18243.json,111.0,40.0
Blocked,0.09359068,18243.json,114.0,50.0
Saved,0.01860388,18243.json,86.0,39.0
Off T,0.0072154016,18243.json,90.0,22.0
Blocked,0.06203611,18243.json,102.0,42.0
Blocked,0.024222028,18243.json,92.0,45.0
Off T,0.012664168,18243.json,93.0,56.0
Blocked,0.04315578,18243.json,105.0,25.0
Off T,0.05956497,18243.json,96.0,46.0
Saved,0.023389878,18244.json,92.0,49.0
Blocked,0.052339688,18244.json,100.0,39.0
Goal,0.03708837,18244.json,106.0,30.0
Blocked,0.047854044,18244.json,105.0,42.0
Blocked,0.025536312,18244.json,94.0,48.0
Off T,0.041312158,18244.json,103.0,26.0
Off T,0.05314489,18244.json,99.0,32.0
Off T,0.07536108,18245.json,112.1,30.6
Blocked,0.083349325,18245.json,105.7,41.4
Saved,0.03727715,18245.json,106.4,55.3
Blocked,0.03428409,18245.json,107.1,53.2
Saved,0.1714123,18245.json,112.7,39.9
Off T,0.048763823,18245.json,110.3,54.4
Post,0.12395585,18245.json,105.9,35.6
Goal,0.04580498,18245.json,104.7,38.1
Blocked,0.28314868,18245.json,107.2,38.6
Saved,0.029653896,19714.json,103.0,57.0
Blocked,0.11933854,19714.json,110.0,49.0
Saved,0.027737819,19714.json,100.0,57.0
Off T,0.21126014,19714.json,106.0,35.0
Blocked,0.06467682,19714.json,99.0,47.0
Off T,0.06865831,19714.json,109.0,24.0
Saved,0.044750817,19714.json,98.0,48.0
Saved,0.041644186,19714.json,102.0,26.0
Saved,0.06151643,19715.json,102.0,50.0
Wayward,0.050046794,19715.json,105.0,24.0
Saved,0.2509234,19715.json,110.0,33.0
Saved,0.0030226877,19715.json,68.0,75.0
Off T,0.010900441,19716.json,91.0,55.0
Goal,0.26132917,19716.json,111.0,35.0
Off T,0.1498332,19716.json,110.0,41.0
Goal,0.04730662,19716.json,104.0,54.0
Off T,0.03197996,19716.json,96.0,28.0
Off T,0.038797233,19716.json,102.0,54.0
Saved,0.03902434,19716.json,112.0,24.0
Off T,0.034405008,19716.json,91.0,37.0
Off T,0.14442803,19716.json,104.0,47.0
Off T,0.22564556,19716.json,112.0,49.0
Goal,0.12698269,19716.json,111.0,44.0
Off T,0.025050111,19716.json,95.0,51.0
Blocked,0.023154138,19716.json,91.0,39.0
Blocked,0.062475897,19716.json,107.0,51.0
Post,0.07390027,19716.json,104.0,40.0
Off T,0.10428682,19716.json,110.0,31.0
Off T,0.15655507,19716.json,109.0,38.0
Off T,0.031552944,19716.json,94.0,28.0
Off T,0.09941017,19716.json,106.0,51.0
Saved,0.03372398,19716.json,93.0,35.0
Blocked,0.028098317,19717.json,97.0,51.0
Blocked,0.19783492,19717.json,109.0,44.0
Saved,0.119415715,19717.json,107.0,28.0
Blocked,0.16120288,19717.json,108.0,35.0
Blocked,0.35473618,19717.json,113.0,40.0
Off T,0.037469286,19717.json,96.0,43.0
Blocked,0.02176911,19717.json,89.0,42.0
Off T,0.023964839,19717.json,90.0,39.0
Saved,0.063438915,19717.json,110.0,53.0
Saved,0.030965893,19717.json,93.0,44.0
Off T,0.037009634,19717.json,106.0,55.0
Off T,0.012535886,19717.json,84.0,38.0
Blocked,0.057610843,19718.json,98.0,38.0
Off T,0.07756295,19718.json,100.0,34.0
Off T,0.16539069,19718.json,113.0,33.0
Wayward,0.04052034,19718.json,96.0,46.0
Saved,0.17009574,19718.json,106.0,55.0
Off T,0.019084126,19718.json,71.0,53.0
Saved,0.031963237,19719.json,103.0,24.0
Blocked,0.05382629,19719.json,104.0,40.0
Off T,0.030682417,19719.json,98.0,53.0
Saved,0.17795123,19719.json,108.0,28.0
Saved,0.048571244,19719.json,99.0,36.0
Off T,0.011956343,19719.json,90.0,26.0
Off T,0.13289843,19720.json,107.0,48.0
Post,0.08203277,19720.json,107.0,47.0
Off T,0.059528172,19720.json,106.0,30.0
Saved,0.027669866,19720.json,93.0,47.0
Saved,0.063668475,19720.json,114.0,53.0
Blocked,0.035527784,19720.json,95.0,36.0
Saved,0.17633447,19720.json,112.0,46.0
Saved,0.06634634,19720.json,101.0,48.0
Saved,0.0066518607,19720.json,113.0,69.0
Saved,0.044929475,19720.json,102.0,50.0
Wayward,0.064549424,19720.json,99.0,34.0
Blocked,0.032908175,19722.json,93.0,41.0
Wayward,0.042193126,19722.json,97.0,49.0
Off T,0.059364375,19722.json,100.0,47.0
Blocked,0.025104467,19722.json,115.0,54.0
Off T,0.021130694,19722.json,92.0,48.0
Saved,0.143395,19722.json,106.0,39.0
Goal,0.31741554,19722.json,115.0,33.0
Goal,0.14024642,19722.json,108.0,46.0
Off T,0.006250739,19722.json,88.0,21.0
Blocked,0.06739392,19723.json,100.0,34.0
Off T,0.04099357,19723.json,96.0,37.0
Wayward,0.008541899,19723.json,80.0,38.0
Blocked,0.031090286,19723.json,94.0,35.0
Off T,0.023098553,19723.json,90.0,48.0
Blocked,0.024472186,19723.json,91.0,46.0
Blocked,0.056713168,19723.json,101.0,31.0
Off T,0.008326009,19723.json,90.0,56.0
Post,0.15209559,19723.json,111.0,45.0
Goal,0.23723853,19723.json,115.0,47.0
Goal,0.0873877,19723.json,111.0,45.0
Wayward,0.06377163,19723.json,100.0,30.0
Off T,0.033516113,19723.json,94.0,30.0
Blocked,0.07011214,19723.json,109.0,50.0
Off T,0.1711873,19723.json,108.0,38.0
Saved,0.09568369,19723.json,109.0,32.0
Goal,0.055593476,19723.json,110.0,55.0
Saved,0.10385425,19724.json,101.0,39.0
Goal,0.2060264,19724.json,113.0,38.0
Saved,0.14960921,19724.json,107.0,28.0
Goal,0.08896359,19724.json,108.0,38.0
Wayward,0.20379741,19724.json,111.0,42.0
Blocked,0.02170287,19724.json,117.0,52.0
Off T,0.095691,19724.json,102.0,45.0
Saved,0.007760019,19724.json,88.0,26.0
Post,0.03688486,19724.json,98.0,51.0
Blocked,0.039001975,19724.json,102.0,53.0
Saved,0.17397144,19725.json,100.0,48.0
Off T,0.024413401,19725.json,89.0,31.0
Off T,0.0070541697,19725.json,78.0,35.0
Saved,0.11165802,19725.json,112.0,28.0
Off T,0.009448933,19725.json,96.0,59.0
Blocked,0.032760445,19726.json,94.0,44.0
Off T,0.019694543,19726.json,90.0,43.0
Off T,0.024268994,19726.json,94.0,29.0
Saved,0.1578458,19726.json,105.0,44.0
Saved,0.22247748,19726.json,107.0,34.0
Off T,0.015281845,19726.json,87.0,36.0
Blocked,0.23025951,19726.json,111.0,36.0
Wayward,0.14344206,19726.json,108.0,32.0
Saved,0.35779235,19726.json,106.0,38.0
Off T,0.27413595,19726.json,109.0,45.0
Saved,0.05218478,19727.json,101.0,53.0
Saved,0.16737042,19727.json,111.0,29.0
Blocked,0.023302453,19727.json,91.0,41.0
Wayward,0.004763548,19727.json,58.0,54.0
Blocked,0.058763158,19727.json,97.0,40.0
Saved,0.1692511,19727.json,106.0,49.0
Saved,0.10736189,19727.json,104.0,39.0
Off T,0.008391623,19727.json,96.0,21.0
Saved,0.118860215,19728.json,109.0,27.0
Blocked,0.05152657,19728.json,99.0,43.0
Off T,0.109840296,19728.json,113.0,36.0
Saved,0.02911958,19728.json,93.0,34.0
Saved,0.0065088626,19728.json,91.0,23.0
Saved,0.016908031,19728.json,87.0,41.0
Blocked,0.019740155,19728.json,116.0,54.0
Off T,0.071510576,19728.json,104.0,45.0
Off T,0.011992274,19728.json,101.0,20.0
Goal,0.024251387,19728.json,100.0,57.0
Blocked,0.021956947,19728.json,116.0,27.0
Saved,0.36638483,19728.json,115.0,38.0
Blocked,0.014849817,19729.json,86.0,34.0
Goal,0.020439202,19729.json,90.0,43.0
Blocked,0.09553812,19729.json,106.0,52.0
Off T,0.044711187,19729.json,104.0,53.0
Blocked,0.021971174,19729.json,100.0,57.0
Blocked,0.16938819,19730.json,114.0,38.0
Saved,0.011410004,19730.json,89.0,27.0
Blocked,0.031590715,19730.json,97.0,28.0
Off T,0.0074202875,19730.json,83.0,49.0
Off T,0.021622261,19730.json,87.0,43.0
Saved,0.07558241,19730.json,100.0,38.0
Saved,0.10885488,19730.json,101.0,46.0
Goal,0.10550991,19730.json,109.0,31.0
Saved,0.01887384,19730.json,86.0,42.0
Blocked,0.046788007,19730.json,110.0,55.0
Saved,0.049069453,19730.json,95.0,46.0
Blocked,0.09614236,19730.json,107.0,51.0
Off T,0.0126857525,19730.json,90.0,54.0
Off T,0.020499974,19730.json,87.0,37.0
Saved,0.21940514,19730.json,107.0,38.0
Saved,0.055125784,19730.json,107.0,25.0
Saved,0.054092545,19731.json,99.0,28.0
Blocked,0.14817023,19731.json,113.0,40.0
Blocked,0.046905518,19731.json,102.0,30.0
Off T,0.04887543,19732.json,100.0,30.0
Off T,0.027072713,19732.json,98.0,24.0
Off T,0.036391962,19733.json,91.0,39.0
Wayward,0.1997945,19733.json,113.0,42.0
Off T,0.05339791,19733.json,95.0,32.0
Saved,0.032121137,19733.json,91.0,48.0
Goal,0.02705888,19733.json,100.0,58.0
Saved,0.036372427,19733.json,107.0,24.0
Wayward,0.05598038,19733.json,105.0,54.0
Saved,0.055700384,19733.json,95.0,38.0
Blocked,0.007103037,19734.json,89.0,54.0
Goal,0.026843274,19734.json,108.0,23.0
Saved,0.007589421,19734.json,83.0,42.0
Saved,0.032364476,19734.json,95.0,44.0
Blocked,0.030477155,19734.json,99.0,54.0
Blocked,0.05677072,19734.json,104.0,27.0
Off T,0.009160715,19734.json,92.0,60.0
Saved,0.0073879627,19734.json,85.0,29.0
Saved,0.38466543,19734.json,113.0,37.0
Goal,0.031074604,19735.json,105.0,23.0
Goal,0.10775722,19735.json,116.0,46.0
Blocked,0.10914808,19735.json,104.0,37.0
Off T,0.006457595,19735.json,87.0,56.0
Post,0.06423622,19735.json,100.0,32.0
Saved,0.028818805,19735.json,93.0,32.0
Saved,0.029323468,19735.json,98.0,27.0
Saved,0.050705306,19736.json,111.0,25.0
Blocked,0.028900314,19736.json,94.0,32.0
Blocked,0.11366185,19736.json,104.0,45.0
Goal,0.13202645,19736.json,104.0,34.0
Blocked,0.020403635,19736.json,94.0,28.0
Saved,0.01433829,19736.json,117.0,24.0
Saved,0.3314106,19736.json,113.0,38.0
Goal,0.2787904,19736.json,113.0,37.0
Off T,0.009295953,19736.json,94.0,22.0
Goal,0.11360398,19736.json,109.0,52.0
Saved,0.015578629,19736.json,95.0,23.0
Off T,0.12714005,19736.json,109.0,51.0
Blocked,0.0220954,19737.json,87.0,42.0
Goal,0.32445475,19737.json,113.0,41.0
Saved,0.006283465,19737.json,83.0,37.0
Blocked,0.02111051,19737.json,97.0,26.0
Saved,0.13651724,19737.json,104.0,34.0
Saved,0.05980869,19737.json,104.0,52.0
Saved,0.10044074,19737.json,111.0,46.0
Off T,0.022422247,19737.json,87.0,35.0
Saved,0.067036785,19737.json,109.0,26.0
Saved,0.0110043185,19737.json,88.0,28.0
Saved,0.06103421,19737.json,101.0,48.0
Saved,0.047198705,19737.json,104.0,27.0
Blocked,0.05520284,19737.json,104.0,27.0
Blocked,0.088874765,19738.json,111.0,34.0
Saved,0.07854357,19738.json,102.0,29.0
Off T,0.050851125,19738.json,98.0,35.0
Blocked,0.12946051,19738.json,111.0,44.0
Blocked,0.08601648,19738.json,107.0,44.0
Off T,0.03504933,19738.json,97.0,29.0
Off T,0.006026363,19739.json,88.0,61.0
Saved,0.3110584,19739.json,112.0,47.0
Off T,0.097478814,19739.json,110.0,33.0
Blocked,0.10057,19739.json,105.0,42.0
Off T,0.015711162,19739.json,86.0,48.0
Goal,0.14278524,19739.json,100.0,52.0
Off T,0.09129496,19739.json,104.0,49.0
Off T,0.03143416,19739.json,97.0,42.0
Off T,0.13800108,19739.json,104.0,35.0
Blocked,0.022467388,19739.json,91.0,33.0
Off T,0.07546078,19739.json,102.0,48.0
Saved,0.16446021,19739.json,104.0,51.0
Blocked,0.47607514,19739.json,113.0,39.0
Off T,0.12407386,19739.json,104.0,38.0
Goal,0.056142844,19739.json,99.0,38.0
Blocked,0.06850551,19739.json,114.0,27.0
Saved,0.11855915,19739.json,116.0,30.0
Off T,0.0056915064,19739.json,81.0,31.0
Saved,0.2971319,19739.json,111.0,37.0
Off T,0.278809,19739.json,107.0,49.0
Goal,0.40984213,19739.json,116.0,42.0
Saved,0.5309698,19740.json,117.0,39.0
Saved,0.58287466,19740.json,117.0,40.0
Goal,0.61210144,19740.json,118.0,41.0
Blocked,0.110100865,19740.json,114.0,30.0
Wayward,0.11063833,19740.json,112.0,44.0
Saved,0.3278349,19741.json,103.0,36.0
Blocked,0.04386532,19741.json,95.0,35.0
Off T,0.0062839086,19741.json,117.0,65.0
Off T,0.9462508,19741.json,118.0,42.0
Blocked,0.010247848,19741.json,99.0,21.0
Saved,0.3674877,19741.json,105.0,48.0
Goal,0.17337336,19741.json,110.0,42.0
Off T,0.18030998,19741.json,117.0,47.0
Goal,0.34597215,19741.json,106.0,49.0
Blocked,0.069122404,19741.json,103.0,39.0
Blocked,0.105211996,19742.json,118.0,47.0
Off T,0.03536478,19742.json,104.0,54.0
Off T,0.049422983,19742.json,105.0,27.0
Saved,0.007127666,19742.json,84.0,32.0
Off T,0.1067769,19742.json,103.0,48.0
Blocked,0.14788236,19743.json,109.0,46.0
Saved,0.03690234,19743.json,94.0,43.0
Saved,0.2942673,19743.json,107.0,42.0
Off T,0.043567214,19743.json,95.0,39.0
Blocked,0.036726233,19743.json,95.0,35.0
Blocked,0.1001676,19743.json,104.0,38.0
Blocked,0.07676833,19743.json,104.0,37.0
Off T,0.016857063,19744.json,116.0,26.0
Saved,0.07931974,19744.json,107.0,48.0
Saved,0.03206456,19744.json,100.0,25.0
Off T,0.026327053,19744.json,93.0,40.0
Off T,0.019742483,19744.json,91.0,30.0
Blocked,0.061110236,19744.json,109.0,26.0
Blocked,0.061655164,19744.json,101.0,43.0
Goal,0.1213104,19744.json,115.0,51.0
Off T,0.21645194,19744.json,115.0,44.0
Blocked,0.029056117,19744.json,94.0,32.0
Saved,0.3228057,19744.json,117.0,42.0
Saved,0.70709413,19744.json,119.0,42.0
Blocked,0.5056798,19744.json,117.0,39.0
Off T,0.15243745,19744.json,106.0,48.0
Saved,0.03867331,19745.json,96.0,32.0
Saved,0.024658823,19745.json,101.0,56.0
Goal,0.2539694,19746.json,113.0,37.0
Off T,0.009047865,19746.json,85.0,49.0
Off T,0.01963631,19746.json,94.0,50.0
Off T,0.16826509,19746.json,108.0,40.0
Blocked,0.05340334,19747.json,102.0,47.0
Wayward,0.055026993,19747.json,103.0,48.0
Blocked,0.023144703,19747.json,89.0,35.0
Saved,0.014133644,19747.json,102.0,60.0
Off T,0.008416909,19747.json,93.0,22.0
Blocked,0.05962862,19747.json,102.0,44.0
Saved,0.0072555514,19747.json,100.0,67.0
Off T,0.023439305,19747.json,92.0,33.0
Saved,0.052913412,19747.json,109.0,26.0
Off T,0.06924649,19747.json,100.0,41.0
Saved,0.0371305,19747.json,95.0,54.0
Blocked,0.0090776095,19747.json,93.0,21.0
Off T,0.050833255,19747.json,99.0,38.0
Blocked,0.107290044,19747.json,107.0,51.0
Blocked,0.02735573,19747.json,94.0,51.0
Off T,0.015608083,19747.json,85.0,40.0
Blocked,0.03812487,19747.json,97.0,49.0
Off T,0.07278663,19747.json,103.0,52.0
Saved,0.31423557,19747.json,110.0,45.0
Post,0.027128534,19747.json,96.0,54.0
Off T,0.006897153,19748.json,79.0,51.0
Saved,0.008726497,19748.json,80.0,52.0
Blocked,0.097404145,19748.json,113.0,52.0
Saved,0.07778708,19748.json,101.0,41.0
Blocked,0.012958128,19748.json,106.0,59.0
Off T,0.17975917,19748.json,115.0,45.0
Off T,0.01575478,19748.json,90.0,53.0
Saved,0.009159343,19749.json,99.0,20.0
Blocked,0.025762813,19749.json,101.0,54.0
Blocked,0.08631041,19749.json,101.0,57.0
Blocked,0.024508338,19749.json,101.0,56.0
Saved,0.20942603,19749.json,111.0,34.0
Saved,0.08453682,19749.json,111.0,29.0
Goal,0.12841542,19749.json,107.0,45.0
Saved,0.27425912,19750.json,118.0,34.0
Saved,0.03823105,19750.json,98.0,27.0
Saved,0.052071597,19750.json,100.0,29.0
Off T,0.05193418,19750.json,106.0,54.0
Off T,0.04042013,19750.json,106.0,53.0
Wayward,0.029495627,19750.json,90.0,36.0
Wayward,0.007766611,19750.json,83.0,62.0
Blocked,0.04763637,19750.json,100.0,46.0
Off T,0.031883184,19750.json,100.0,53.0
Blocked,0.0102269165,19750.json,97.0,19.0
Blocked,0.064384766,19750.json,104.0,34.0
Post,0.05921249,19750.json,106.0,26.0
Saved,0.2768023,19750.json,115.0,47.0
Saved,0.0120314,19750.json,104.0,20.0
Off T,0.057406444,19750.json,101.0,36.0
Saved,0.099257894,19750.json,105.0,45.0
Blocked,0.008002453,19751.json,85.0,30.0
Blocked,0.096981645,19751.json,102.0,36.0
Blocked,0.06542858,19751.json,104.0,34.0
Off T,0.029757457,19751.json,99.0,56.0
Blocked,0.044478495,19751.json,99.0,39.0
Blocked,0.10140218,19751.json,105.0,35.0
Goal,0.13980894,19751.json,110.0,29.0
Off T,0.009720986,19751.json,97.0,58.0
Blocked,0.048818104,19752.json,103.0,50.0
Off T,0.27065945,19752.json,112.0,40.0
Saved,0.04072472,19752.json,99.0,28.0
Saved,0.11973331,19752.json,118.0,32.0
Blocked,0.014490424,19752.json,93.0,53.0
Off T,0.2504089,19752.json,115.0,47.0
Saved,0.01695087,19753.json,93.0,55.0
Saved,0.018176014,19753.json,88.0,38.0
Saved,0.039947856,19753.json,94.0,45.0
Goal,0.10359481,19753.json,106.0,45.0
Saved,0.033149466,19753.json,90.0,44.0
Goal,0.35335082,19753.json,116.0,45.0
Blocked,0.018143756,19753.json,85.0,35.0
Wayward,0.010893718,19753.json,100.0,18.0
Saved,0.039265614,19754.json,97.0,40.0
Goal,0.225975,19754.json,114.0,42.0
Saved,0.34755254,19754.json,107.0,28.0
Goal,0.009535343,19754.json,111.0,61.0
Goal,0.14592929,19754.json,104.0,37.0
Off T,0.0064343456,19755.json,79.0,53.0
Saved,0.4479796,19755.json,115.0,43.0
Saved,0.1244931,19755.json,110.0,49.0
Goal,0.1328225,19755.json,103.0,39.0
Saved,0.112412095,19755.json,105.0,44.0
Goal,0.0725952,19755.json,100.0,45.0
Saved,0.24546738,19755.json,108.0,31.0
Off T,0.02887283,19755.json,90.0,30.0
Blocked,0.17482531,19755.json,108.0,36.0
Off T,0.01938482,19755.json,117.0,55.0
Saved,0.56844276,19755.json,109.0,37.0
Goal,0.18801169,19755.json,111.0,45.0
Blocked,0.07761868,19755.json,105.0,42.0
Wayward,0.14732918,19755.json,111.0,42.0
Saved,0.40961343,19756.json,113.8,38.4
Off T,0.26450497,19756.json,113.2,44.9
Blocked,0.111325525,19756.json,112.9,45.0
Off T,0.009027102,19756.json,102.8,68.2
Post,0.009691158,19757.json,107.0,59.0
Off T,0.07478802,19758.json,105.2,36.4
Blocked,0.15489623,19758.json,111.2,42.8
Saved,0.040121492,19758.json,107.7,24.3
Saved,0.023617558,19758.json,88.7,38.6
Wayward,0.08568876,19758.json,102.6,33.3
Saved,0.017056266,19758.json,112.2,24.0
Wayward,0.0070489943,19758.json,83.7,28.7
Saved,0.0074021383,19758.json,91.7,61.8
Goal,0.23438334,19758.json,107.0,46.1
Goal,0.18586522,19758.json,110.2,36.6
Off T,0.06845898,19758.json,112.5,27.9
Off T,0.16313295,19759.json,109.0,37.0
Saved,0.16531277,19759.json,111.0,44.0
Blocked,0.037131507,19759.json,106.0,23.0
Off T,0.2745368,19759.json,110.0,40.0
Saved,0.22901593,19759.json,112.0,40.0
Saved,0.1411421,19759.json,109.0,37.0
Saved,0.109802306,19759.json,108.0,40.0
Saved,0.104612626,19759.json,114.0,33.0
Blocked,0.098520614,19759.json,105.0,39.0
Goal,0.080015495,19759.json,110.0,27.0
Off T,0.2866467,19759.json,114.0,40.0
Goal,0.21917944,19759.json,107.0,51.0
Off T,0.34757477,19759.json,112.0,37.0
Saved,0.036817856,19759.json,92.0,29.0
Blocked,0.35087207,19759.json,109.0,30.0
Blocked,0.113757916,19760.json,114.0,35.0
Goal,0.119625375,19760.json,106.0,38.0
Saved,0.03007565,19760.json,98.0,51.0
Off T,0.02463062,19760.json,99.0,55.0
Blocked,0.006896983,19760.json,85.0,57.0
Saved,0.011670999,19760.json,90.0,26.0
Blocked,0.09474786,19760.json,101.0,33.0
Saved,0.020891018,19760.json,94.0,50.0
Off T,0.051521707,19760.json,110.0,54.0
Saved,0.02832503,19760.json,101.0,54.0
Off T,0.02735766,19760.json,91.0,38.0
Blocked,0.10696784,19761.json,110.0,35.0
Off T,0.0202324,19761.json,89.0,32.0
Off T,0.030913929,19761.json,99.0,57.0
Saved,0.064119466,19761.json,102.0,39.0
Saved,0.016534884,19761.json,89.0,51.0
Saved,0.16898988,19761.json,114.0,46.0
Blocked,0.07624627,19761.json,107.0,48.0
Off T,0.020051938,19762.json,90.0,33.0
Saved,0.027715534,19762.json,96.0,51.0
Post,0.037046317,19762.json,110.0,28.0
Blocked,0.23931953,19762.json,114.0,39.0
Off T,0.019379485,19762.json,101.0,58.0
Blocked,0.16520223,19763.json,111.0,43.0
Off T,0.014854826,19763.json,86.0,47.0
Off T,0.3706443,19763.json,115.0,44.0
Blocked,0.03174706,19763.json,106.0,57.0
Off T,0.1113762,19763.json,105.0,41.0
Saved,0.038037762,19763.json,92.0,35.0
Saved,0.023195196,19763.json,90.0,40.0
Off T,0.108424045,19763.json,98.0,33.0
Saved,0.4898986,19763.json,103.0,45.0
Off T,0.03664379,19763.json,114.0,27.0
Off T,0.07724062,19764.json,105.0,37.0
Saved,0.022420555,19764.json,88.0,35.0
Off T,0.036705967,19764.json,105.0,57.0
Blocked,0.05701743,19764.json,99.0,43.0
Saved,0.012931211,19764.json,97.0,58.0
Off T,0.24801274,19764.json,111.0,38.0
Goal,0.39940688,19764.json,106.0,35.0
Saved,0.18247642,19764.json,103.0,36.0
Saved,0.011658822,19764.json,106.0,59.0
Blocked,0.008819505,19764.json,98.0,60.0
Blocked,0.14949927,19764.json,112.0,42.0
Blocked,0.05279643,19764.json,100.0,36.0
Post,0.022608295,19764.json,91.0,32.0
Off T,0.18445627,19764.json,113.0,42.0
Saved,0.033348735,19764.json,95.0,47.0
Saved,0.011738558,19764.json,101.0,20.0
Saved,0.034259938,19764.json,90.0,37.0
Blocked,0.036507536,19765.json,99.0,27.0
Off T,0.021988194,19765.json,95.0,55.0
Off T,0.011400596,19765.json,99.0,60.0
Off T,0.23454046,19765.json,109.0,38.0
Saved,0.03355302,19765.json,95.0,48.0
Saved,0.009395271,19765.json,95.0,22.0
Blocked,0.029517503,19765.json,93.0,47.0
Blocked,0.02904619,19765.json,93.0,46.0
Goal,0.27899778,19766.json,109.0,32.0
Goal,0.45579886,19766.json,112.0,52.0
Blocked,0.02229438,19766.json,89.0,40.0
Saved,0.01485849,19766.json,115.0,24.0
Saved,0.035221547,19766.json,103.0,40.0
Off T,0.049898505,19766.json,109.0,55.0
Off T,0.11555937,19766.json,110.0,42.0
Goal,0.0568351,19766.json,110.0,25.0
Saved,0.007712485,19767.json,84.0,35.0
Goal,0.2084166,19767.json,114.0,49.0
Off T,0.10310434,19767.json,104.0,30.0
Saved,0.0072739767,19767.json,90.0,55.0
Blocked,0.14941213,19767.json,114.0,36.0
Saved,0.041098498,19767.json,90.0,48.0
Goal,0.038803473,19768.json,102.0,27.0
Saved,0.024416167,19768.json,95.0,50.0
Blocked,0.057180386,19768.json,108.0,53.0
Off T,0.33049372,19768.json,113.0,39.0
Saved,0.01309341,19768.json,94.0,54.0
Blocked,0.035904553,19769.json,94.0,49.0
Blocked,0.020976325,19769.json,95.0,25.0
Blocked,0.09800193,19769.json,108.0,49.0
Saved,0.04346177,19769.json,105.0,56.0
Blocked,0.07570592,19770.json,105.0,42.0
Off T,0.043647785,19770.json,102.0,26.0
Goal,0.15194689,19770.json,112.0,44.0
Post,0.039266072,19770.json,105.0,25.0
Off T,0.010477877,19770.json,108.0,60.0
Off T,0.24031973,19770.json,102.0,43.0
Off T,0.02792763,19770.json,111.0,55.0
Blocked,0.064308405,19770.json,103.0,38.0
Off T,0.06103762,19770.json,97.0,43.0
Wayward,0.10472957,19770.json,117.0,46.0
Saved,0.0070912493,19770.json,83.0,34.0
Off T,0.025001345,19770.json,90.0,41.0
Off T,0.033206053,19771.json,94.0,34.0
Off T,0.02108092,19771.json,86.0,43.0
Blocked,0.06713484,19771.json,108.0,54.0
Saved,0.02770886,19771.json,97.0,27.0
Saved,0.10141302,19771.json,108.0,27.0
Off T,0.03431662,19771.json,95.0,40.0
Goal,0.361428,19771.json,111.0,31.0
Off T,0.017141238,19771.json,85.0,40.0
Saved,0.0077850353,19771.json,89.0,26.0
Saved,0.0540152,19771.json,102.0,52.0
Saved,0.028926145,19771.json,111.0,56.0
Off T,0.020861559,19772.json,99.0,22.0
Saved,0.019942228,19772.json,98.0,57.0
Off T,0.13307668,19772.json,107.0,44.0
Off T,0.029446071,19772.json,103.0,57.0
Blocked,0.017869473,19772.json,117.0,54.0
Blocked,0.11884793,19772.json,107.0,34.0
Saved,0.020897958,19772.json,112.0,57.0
Wayward,0.07507765,19772.json,100.0,44.0
Off T,0.03268904,19772.json,93.0,52.0
Saved,0.033736166,19772.json,102.0,57.0
Goal,0.042460255,19773.json,96.0,51.0
Blocked,0.023558483,19773.json,86.0,45.0
Off T,0.23694354,19773.json,106.0,46.0
Blocked,0.11017026,19773.json,105.0,40.0
Blocked,0.007060181,19773.json,91.0,23.0
Saved,0.05070384,19773.json,97.0,46.0
Blocked,0.09603151,19773.json,108.0,51.0
Post,0.13286166,19773.json,112.0,37.0
Wayward,0.07808409,19774.json,102.0,31.0
Blocked,0.102538794,19774.json,108.0,49.0
Wayward,0.02743286,19774.json,92.0,49.0
Off T,0.0418869,19774.json,106.0,26.0
Off T,0.03686707,19774.json,99.0,28.0
Off T,0.017876102,19774.json,93.0,26.0
Saved,0.019896975,19774.json,95.0,26.0
Blocked,0.042480495,19774.json,97.0,45.0
Blocked,0.026992602,19775.json,96.0,53.0
Goal,0.10510202,19775.json,108.0,34.0
Blocked,0.009102195,19775.json,112.0,59.0
Saved,0.020657485,19775.json,95.0,49.0
Off T,0.092205204,19775.json,104.0,52.0
Off T,0.10089437,19775.json,115.0,34.0
Saved,0.0059046783,19775.json,90.0,60.0
Off T,0.040969126,19775.json,99.0,41.0
Off T,0.12428145,19775.json,114.0,32.0
Off T,0.00755115,19775.json,89.0,26.0
Post,0.0342799,19775.json,99.0,50.0
Wayward,0.14753509,19776.json,113.0,45.0
Blocked,0.08014381,19776.json,104.0,34.0
Wayward,0.06814342,19776.json,101.0,45.0
Saved,0.07480049,19776.json,105.0,52.0
Saved,0.1675914,19776.json,115.0,33.0
Saved,0.085643776,19776.json,104.0,52.0
Post,0.09305599,19776.json,113.0,53.0
Goal,0.18969817,19776.json,111.0,47.0
Off T,0.073488876,19776.json,107.0,50.0
Off T,0.13853028,19776.json,104.0,40.0
Goal,0.36162117,19777.json,111.0,34.0
Blocked,0.008164859,19777.json,106.0,61.0
Blocked,0.07610359,19777.json,104.0,51.0
Goal,0.26916903,19777.json,116.0,37.0
Goal,0.13227993,19777.json,111.0,49.0
Off T,0.0753361,19777.json,109.0,54.0
Saved,0.054409094,19777.json,105.0,42.0
Off T,0.028195973,19777.json,91.0,40.0
Post,0.07878637,19777.json,111.0,44.0
Off T,0.03590925,19777.json,96.0,37.0
Saved,0.0075714593,19777.json,80.0,38.0
Off T,0.3903559,19777.json,110.0,34.0
Saved,0.006968146,19778.json,68.0,39.0
Blocked,0.035646893,19778.json,103.0,28.0
Off T,0.009463396,19778.json,105.0,62.0
Saved,0.029024877,19778.json,92.0,46.0
Off T,0.018403817,19778.json,91.0,27.0
Saved,0.006488091,19779.json,81.0,59.0
Off T,0.12765412,19779.json,104.0,40.0
Saved,0.042095687,19779.json,108.0,26.0
Blocked,0.08899469,19779.json,107.0,40.0
Blocked,0.059638362,19779.json,104.0,39.0
Off T,0.011017727,19779.json,100.0,20.0
Goal,0.079322904,19779.json,107.0,41.0
Blocked,0.03723565,19779.json,106.0,54.0
Off T,0.005950265,19779.json,114.0,61.0
Saved,0.02808702,19780.json,92.0,46.0
Saved,0.00624023,19780.json,83.0,42.0
Blocked,0.105627954,19780.json,111.0,47.0
Off T,0.059923634,19780.json,87.0,48.0
Blocked,0.0073021906,19780.json,87.0,54.0
Blocked,0.27311537,19781.json,111.0,39.0
Blocked,0.07141272,19781.json,105.0,40.0
Blocked,0.034834076,19781.json,101.0,30.0
Blocked,0.0348519,19781.json,104.0,57.0
Blocked,0.091155,19781.json,104.0,34.0
Blocked,0.15205434,19782.json,109.0,40.0
Saved,0.035816904,19782.json,97.0,40.0
Off T,0.008527575,19782.json,93.0,58.0
Blocked,0.0760536,19782.json,101.0,31.0
Saved,0.0729955,19782.json,94.0,36.0
Blocked,0.028843487,19782.json,99.0,54.0
Off T,0.026050255,19782.json,100.0,25.0
Goal,0.44391534,19782.json,116.0,40.0
Off T,0.044211604,19782.json,97.0,50.0
Off T,0.006048921,19783.json,80.0,25.0
Goal,0.19454874,19783.json,112.0,30.0
Saved,0.0798423,19783.json,109.0,27.0
Saved,0.10762808,19783.json,116.0,50.0
Off T,0.22306463,19783.json,109.0,33.0
Saved,0.048415843,19783.json,96.0,45.0
Off T,0.029048644,19783.json,89.0,41.0
Off T,0.1325788,19783.json,112.0,51.0
Blocked,0.055203877,19783.json,97.0,45.0
Goal,0.1139465,19783.json,105.0,38.0
Post,0.03151131,19784.json,94.0,53.0
Saved,0.017638324,19784.json,88.0,36.0
Off T,0.04367541,19784.json,100.0,38.0
Off T,0.11392301,19784.json,107.0,33.0
Blocked,0.022195164,19784.json,89.0,41.0
Blocked,0.021599183,19784.json,94.0,51.0
Blocked,0.02321984,19784.json,91.0,43.0
Saved,0.01685934,19784.json,118.0,27.0
Blocked,0.1438591,19785.json,111.0,35.0
Saved,0.4684039,19785.json,112.0,39.0
Goal,0.22632198,19785.json,114.0,39.0
Blocked,0.027887113,19785.json,102.0,25.0
Goal,0.091163576,19785.json,105.0,38.0
Blocked,0.057572126,19786.json,106.0,52.0
Saved,0.048966352,19786.json,98.0,47.0
Wayward,0.1112256,19786.json,115.0,29.0
Blocked,0.084752135,19786.json,104.0,23.0
Saved,0.010413458,19786.json,100.0,60.0
Off T,0.006119706,19786.json,82.0,43.0
Goal,0.027704878,19786.json,114.0,54.0
Blocked,0.0642843,19787.json,106.0,28.0
Off T,0.15511584,19787.json,108.0,46.0
Off T,0.10313012,19787.json,116.0,33.0
Blocked,0.04412689,19787.json,106.0,51.0
Goal,0.2680444,19788.json,106.0,47.0
Off T,0.041318305,19788.json,96.0,46.0
Blocked,0.0059417365,19788.json,85.0,48.0
Blocked,0.093996234,19788.json,112.0,40.0
Blocked,0.07006985,19788.json,106.0,42.0
Blocked,0.011074567,19788.json,91.0,42.0
Off T,0.005598102,19788.json,83.0,48.0
Saved,0.070406064,19789.json,96.0,34.0
Goal,0.35548788,19789.json,113.0,41.0
Off T,0.033160813,19789.json,100.0,53.0
Off T,0.14415224,19789.json,108.0,36.0
Saved,0.0869205,19789.json,104.0,39.0
Goal,0.051931772,19789.json,96.0,32.0
Off T,0.09418675,19789.json,106.0,50.0
Saved,0.05447181,19789.json,111.0,55.0
Goal,0.17448457,19789.json,109.0,35.0
Off T,0.02476842,19790.json,92.0,48.0
Blocked,0.035856836,19790.json,96.0,44.0
Saved,0.053767614,19790.json,111.0,55.0
Blocked,0.04065137,19790.json,96.0,46.0
Blocked,0.078551695,19790.json,116.0,47.0
Saved,0.42132518,19790.json,106.0,38.0
Wayward,0.018189505,19790.json,99.0,58.0
Off T,0.032520834,19790.json,91.0,37.0
Blocked,0.024754466,19790.json,97.0,55.0
Off T,0.07262933,19790.json,109.0,54.0
Saved,0.085972674,19791.json,110.0,32.0
Saved,0.12577887,19791.json,116.0,34.0
Saved,0.13891225,19791.json,115.0,44.0
Off T,0.0452898,19791.json,104.0,56.0
Off T,0.036752608,19791.json,97.0,46.0
Blocked,0.042755555,19791.json,97.0,48.0
Wayward,0.021122362,19792.json,99.0,55.0
Saved,0.026560757,19792.json,97.0,27.0
Blocked,0.041227333,19792.json,104.0,52.0
Saved,0.33271626,19792.json,109.0,32.0
Blocked,0.013951472,19792.json,98.0,22.0
Saved,0.03936657,19792.json,99.0,30.0
Saved,0.037908126,19793.json,98.0,28.0
Post,0.023634523,19793.json,90.0,40.0
Goal,0.6171103,19793.json,117.0,39.0
Off T,0.042345423,19793.json,98.0,45.0
Saved,0.048180956,19793.json,101.0,53.0
Goal,0.19132055,19794.json,111.0,45.0
Blocked,0.08068676,19794.json,100.0,39.0
Saved,0.04027643,19794.json,97.0,29.0
Blocked,0.031083364,19794.json,103.0,24.0
Saved,0.102590844,19794.json,110.0,36.0
Saved,0.06529108,19794.json,114.0,28.0
Goal,0.15443069,19794.json,114.0,37.0
Saved,0.035486177,19795.json,103.0,24.0
Off T,0.06673357,19795.json,101.0,30.0
Goal,0.21944582,19795.json,109.0,49.0
Off T,0.0072822073,19795.json,90.0,55.0
Blocked,0.28820997,19795.json,114.0,41.0
Off T,0.031930324,19795.json,96.0,29.0
Goal,0.3834447,19796.json,105.0,40.0
Saved,0.0060975826,19796.json,89.0,57.0
Blocked,0.10134855,19796.json,106.0,46.0
Blocked,0.10402543,19796.json,106.0,48.0
Blocked,0.49978372,19796.json,114.0,40.0
Goal,0.15963158,19796.json,114.0,41.0
Post,0.103335194,19796.json,106.0,29.0
Off T,0.18310449,19796.json,113.0,48.0
Saved,0.08986415,19796.json,106.0,47.0
Wayward,0.026016854,19796.json,101.0,25.0
Saved,0.02009479,19796.json,95.0,53.0
Saved,0.103541546,19797.json,105.0,39.0
Off T,0.07419969,19797.json,107.0,33.0
Blocked,0.071582645,19797.json,108.0,33.0
Saved,0.18482049,19797.json,110.0,43.0
Wayward,0.15078527,19797.json,110.0,44.0
Blocked,0.048157718,19797.json,98.0,40.0
Blocked,0.08921382,19797.json,110.0,37.0
Saved,0.006685475,19797.json,84.0,53.0
Goal,0.083484985,19797.json,107.0,41.0
Saved,0.061167866,19797.json,101.0,30.0
Off T,0.04220555,19798.json,94.0,38.0
Off T,0.03426978,19798.json,102.0,25.0
Wayward,0.06071832,19798.json,101.0,31.0
Saved,0.09446226,19798.json,114.0,51.0
Saved,0.15311094,19798.json,102.0,35.0
Blocked,0.114173844,19798.json,107.0,47.0
Off T,0.34122837,19798.json,114.0,41.0
Blocked,0.05803609,19798.json,108.0,54.0
Saved,0.091887124,19798.json,111.0,42.0
Off T,0.15145487,19798.json,113.0,29.0
Blocked,0.018620024,19799.json,95.0,26.0
Goal,0.32670718,19799.json,110.0,39.0
Blocked,0.03741759,19799.json,113.0,54.0
Blocked,0.06773455,19799.json,109.0,33.0
Goal,0.06686703,19799.json,106.0,44.0
Off T,0.028150372,19799.json,98.0,25.0
Off T,0.026524479,19799.json,114.0,55.0
Off T,0.0333116,19800.json,99.0,55.0
Off T,0.032256015,19800.json,93.0,48.0
Off T,0.34631637,19800.json,110.0,43.0
Blocked,0.017138023,19800.json,97.0,57.0
Blocked,0.2180412,19800.json,112.0,30.0
Blocked,0.08483438,19800.json,104.0,46.0
Goal,0.4636114,19801.json,106.0,31.0
Blocked,0.09151435,19801.json,106.0,46.0
Blocked,0.081763275,19801.json,107.0,45.0
Off T,0.07484927,19801.json,100.0,36.0
Goal,0.37241647,19801.json,110.0,44.0
Off T,0.35731587,19801.json,111.0,40.0
Off T,0.27941707,19801.json,112.0,41.0
Goal,0.23114538,19801.json,110.0,42.0
Saved,0.04808924,19801.json,99.0,31.0
Goal,0.45530626,19801.json,110.0,36.0
Off T,0.3258882,19801.json,105.0,35.0
Blocked,0.268739,19801.json,112.0,44.0
Blocked,0.06302678,19801.json,101.0,27.0
Off T,0.047692105,19802.json,105.0,25.0
Off T,0.17084527,19802.json,113.0,38.0
Blocked,0.03443953,19802.json,93.0,38.0
Saved,0.16694461,19802.json,111.0,31.0
Off T,0.01436405,19802.json,85.0,34.0
Saved,0.055606365,19802.json,96.0,42.0
Wayward,0.01446065,19802.json,118.0,52.0
Off T,0.05138647,19803.json,101.0,53.0
Off T,0.12806936,19803.json,114.0,52.0
Off T,0.102206215,19803.json,104.0,55.0
Blocked,0.020600192,19804.json,89.2,36.6
Saved,0.17414396,19804.json,108.4,41.9
Saved,0.014017558,19804.json,107.8,59.1
Saved,0.077246055,19804.json,104.2,41.8
Off T,0.07047134,19804.json,102.8,41.5
Blocked,0.02468526,19804.json,95.2,33.8
Saved,0.06108094,19804.json,99.0,52.0
Blocked,0.051275853,19804.json,111.5,47.4
Goal,0.06508925,19804.json,101.6,52.1
Saved,0.0077825873,19804.json,109.9,19.3
Saved,0.15859811,19804.json,114.1,47.9
Off T,0.23924044,19805.json,102.9,46.2
Off T,0.20971641,19805.json,112.1,47.9
Off T,0.051674888,19805.json,111.6,49.6
Saved,0.10704886,19805.json,105.7,40.2
Saved,0.037444215,19805.json,107.5,51.3
Blocked,0.08427971,19805.json,104.1,52.3
Saved,0.081351966,19805.json,108.4,46.6
Off T,0.03341448,19805.json,97.2,51.5
Blocked,0.050152406,19805.json,100.0,34.1
Saved,0.19613439,19805.json,114.3,36.3
Off T,0.3431412,19805.json,118.3,36.5
Off T,0.1560626,19806.json,103.8,47.1
Off T,0.1194143,19806.json,108.4,33.0
Off T,0.006101676,19806.json,84.2,55.1
Goal,0.06980819,19806.json,110.7,49.9
Saved,0.06518715,19806.json,105.4,53.9
Saved,0.38776132,19806.json,103.8,46.7
Blocked,0.02301114,19806.json,104.9,23.0
Blocked,0.033848565,19807.json,103.2,28.3
Goal,0.039355014,19807.json,101.8,49.2
Blocked,0.035818636,19807.json,94.5,36.9
Saved Off Target,0.03523931,19807.json,112.5,27.1
Off T,0.010317547,19808.json,106.2,62.9
Blocked,0.013618639,19808.json,91.6,52.0
Saved,0.011000381,19808.json,101.2,20.8
Off T,0.020454606,19808.json,87.7,41.1
Off T,0.020092715,19809.json,96.0,55.5
Blocked,0.030637018,19809.json,98.3,26.4
Blocked,0.011978749,19809.json,104.3,59.0
Off T,0.00794264,19809.json,78.0,40.2
Off T,0.009937972,19809.json,94.0,58.0
Saved,0.0077789533,19809.json,80.5,54.4
Blocked,0.021378668,19809.json,89.9,47.6
Wayward,0.038680393,19809.json,98.1,33.5
Off T,0.18759532,19809.json,107.2,34.1
Off T,0.03132951,19809.json,101.7,54.1
Post,0.03524024,19809.json,98.5,50.0
Off T,0.012594469,19809.json,108.9,21.2
Blocked,0.030202929,19809.json,98.9,50.0
Saved,0.0059080236,19809.json,74.9,38.8
Goal,0.3234319,19810.json,108.6,32.5
Saved,0.023880642,19810.json,90.2,35.9
Goal,0.2841506,19810.json,113.2,40.3
Saved,0.009844594,19810.json,97.5,60.7
Blocked,0.24532498,19810.json,111.6,30.3
Goal,0.25589007,19810.json,102.1,46.8
Blocked,0.07444866,19810.json,102.0,36.5
Off T,0.011040856,19810.json,96.8,21.3
Goal,0.16019417,19810.json,97.0,38.3
Goal,0.19219093,19811.json,115.4,35.9
Wayward,0.057673976,19811.json,107.0,44.5
Blocked,0.045434393,19813.json,107.8,28.2
Blocked,0.036418602,19813.json,108.7,24.3
Goal,0.14396788,19813.json,110.1,41.1
Off T,0.0709535,19813.json,101.0,39.9
Off T,0.020241689,19813.json,87.2,47.2
Blocked,0.05250048,19813.json,104.8,41.0
Blocked,0.0073916074,19813.json,110.9,61.3
Saved,0.018087836,19813.json,88.4,40.6
Off T,0.013850675,19813.json,105.1,58.7
Off T,0.044036772,19813.json,102.4,26.0
Blocked,0.022579774,19813.json,87.5,36.9
Saved,0.18132035,19814.json,113.6,36.5
Blocked,0.08504861,19814.json,108.7,39.3
Off T,0.49225986,19814.json,112.2,41.2
Off T,0.026216177,19814.json,91.7,45.6
Saved,0.024824327,19814.json,93.4,28.0
Wayward,0.103338085,19815.json,107.8,39.1
Blocked,0.07279375,19815.json,115.8,30.7
Saved,0.029656693,19815.json,101.1,23.0
Saved,0.06328593,19815.json,103.0,43.6
Wayward,0.009534217,19815.json,97.7,60.1
Off T,0.081864916,19815.json,105.2,45.9
Saved,0.05588705,19815.json,104.4,30.8
Goal,0.03185862,19815.json,93.1,31.3
Goal,0.071111225,19815.json,103.4,39.4
Saved,0.029361201,19815.json,91.7,44.2
Off T,0.07132052,19816.json,113.8,48.7
Goal,0.17946275,19816.json,109.5,38.4
Saved,0.1200263,19816.json,106.8,28.9
Off T,0.14843506,19816.json,113.8,47.2
Off T,0.062774256,19816.json,109.5,54.8
Off T,0.06162497,19816.json,104.4,42.0
Saved,0.072331816,19817.json,103.5,31.2
Blocked,0.014785047,19817.json,88.8,32.7
Saved,0.26678476,19817.json,108.8,48.8
Saved,0.0121871615,19817.json,115.2,25.1
Blocked,0.068869025,19818.json,108.9,38.8
Goal,0.11034166,19818.json,109.1,39.0
Off T,0.0073923734,19818.json,86.9,55.9
Off T,0.029190464,19818.json,94.6,24.1
Off T,0.017195331,19818.json,88.8,50.1
Wayward,0.493861,19818.json,115.6,43.3
Saved,0.4847135,19818.json,116.2,34.2
Blocked,0.03193849,19818.json,99.2,28.1
Saved,0.016600579,19818.json,114.2,25.5
Saved,0.15935397,19818.json,115.3,30.2
Off T,0.08202514,19818.json,107.9,29.1
Goal,0.22873761,19818.json,112.5,36.1
Off T,0.019985463,19818.json,87.2,35.5
Saved,0.052297402,19818.json,96.7,31.5
Saved,0.030077294,19818.json,94.2,45.9
Saved,0.081266396,19818.json,104.6,47.7
Blocked,0.018209446,19818.json,114.3,55.1
Off T,0.015274255,19819.json,92.2,48.9
Goal,0.2681442,19819.json,112.2,44.3
Blocked,0.067570046,19819.json,98.7,31.5
Saved,0.059872825,19819.json,101.4,46.6
Wayward,0.036984034,19819.json,100.2,45.4
Off T,0.10336691,19819.json,112.6,48.5
Off T,0.021226078,19819.json,91.6,46.5
Saved,0.024579775,19819.json,94.0,29.3
Off T,0.4185754,19819.json,113.1,43.9
Saved,0.04491863,19819.json,96.8,46.5
Goal,0.15386973,19819.json,103.9,36.3
Off T,0.20397246,19820.json,114.7,36.7
Blocked,0.015397478,19820.json,102.0,25.2
Off T,0.00687465,19820.json,89.3,53.9
Off T,0.0057806517,19820.json,83.1,33.9
Saved,0.22689222,19820.json,115.7,30.8
Blocked,0.0099398345,19820.json,98.5,18.7
Post,0.7764389,19820.json,118.5,35.4
Goal,0.43832833,19820.json,110.7,40.2
Saved,0.046000335,19820.json,108.8,55.8
Blocked,0.020648198,19820.json,89.1,48.4
Wayward,0.092855275,19820.json,105.6,41.1
Saved,0.20190018,19820.json,114.2,39.5
Blocked,0.049810287,19821.json,97.7,41.4
Blocked,0.05918063,19821.json,101.3,51.3
Saved,0.18982267,19821.json,108.3,44.7
Saved,0.087174036,19821.json,107.9,30.6
Saved,0.0826478,19821.json,107.7,32.7
Blocked,0.06252439,19821.json,107.0,48.5
Saved,0.035139132,19821.json,97.1,49.0
Saved,0.1389818,19821.json,113.0,48.0
Off T,0.026812535,19821.json,95.3,53.2
Off T,0.03199651,19821.json,93.4,32.5
Blocked,0.13583937,19821.json,112.3,48.3
Saved,0.2355732,19822.json,113.3,38.5
Saved,0.1575173,19822.json,104.1,40.0
Off T,0.12880355,19822.json,102.3,48.9
Saved,0.04133853,19822.json,96.6,36.5
Off T,0.34171453,19822.json,111.9,42.0
Saved,0.049246825,19822.json,111.8,55.1
Blocked,0.2968976,19822.json,114.6,37.0
Off T,0.014163642,19822.json,105.1,59.6
Off T,0.026188651,22912.json,91.9,43.1
Saved,0.0091631785,22912.json,98.4,20.4
Blocked,0.018781843,22912.json,89.0,47.9
Off T,0.1563633,22912.json,113.4,37.4
Saved,0.027245786,22912.json,90.8,44.9
Saved,0.07394664,22912.json,106.2,38.6
Saved,0.040406317,22912.json,94.7,36.9
Saved,0.05625648,22912.json,104.5,24.8
Off T,0.013455737,22921.json,104.3,21.5
Blocked,0.01888194,22921.json,92.8,34.7
Goal,0.29059565,22921.json,112.1,43.8
Blocked,0.023609262,22921.json,105.8,57.3
Saved,0.04286,22921.json,111.3,27.2
Off T,0.05301851,22921.json,109.9,36.5
Off T,0.019578105,22921.json,90.9,49.2
Off T,0.024309399,22921.json,98.9,55.5
Blocked,0.014244598,22921.json,93.2,51.4
Goal,0.045541815,22921.json,99.1,29.6
Goal,0.15057775,22924.json,111.2,51.0
Blocked,0.13512628,22924.json,107.4,31.2
Saved,0.11826606,22924.json,102.6,35.5
Saved,0.074453816,22924.json,106.6,37.2
Off T,0.023473585,22924.json,99.8,57.6
Blocked,0.11395286,22926.json,110.3,50.1
Off T,0.03719417,22926.json,101.2,30.2
Blocked,0.06305984,22926.json,103.2,44.4
Off T,0.021537183,22926.json,106.4,23.3
Saved,0.028239496,22926.json,102.8,55.0
Blocked,0.029342094,22930.json,94.7,34.8
Saved,0.032683503,22930.json,99.1,25.4
Saved,0.06743691,22930.json,108.4,37.2
Wayward,0.064777724,22930.json,104.0,42.3
Blocked,0.09985595,22930.json,108.4,39.5
Goal,0.037462287,22930.json,99.9,26.1
Saved,0.01433767,22930.json,88.5,28.7
Blocked,0.068688296,22930.json,103.6,38.2
Post,0.043638673,22930.json,102.1,52.5
Blocked,0.33684486,22930.json,115.8,36.0
Saved,0.045610107,22930.json,105.0,26.8
Blocked,0.08880102,22930.json,104.5,49.2
Blocked,0.007340123,22930.json,92.4,58.1
Saved,0.0833699,22933.json,108.4,52.6
Off T,0.057091355,22933.json,97.5,46.7
Saved,0.14059462,22933.json,109.5,41.4
Blocked,0.030305944,22933.json,98.1,31.3
Blocked,0.036857683,22934.json,98.3,33.9
Off T,0.012190274,22934.json,110.9,58.1
Saved,0.009572035,22934.json,100.9,59.5
Goal,0.44979084,22934.json,118.3,34.1
Blocked,0.04944091,22934.json,103.3,38.8
Saved,0.14902708,22934.json,104.2,36.0
Off T,0.29560333,22934.json,113.3,46.3
Blocked,0.02031599,22936.json,86.9,38.4
Saved,0.14806972,22936.json,110.1,28.4
Saved,0.118344344,22936.json,103.2,34.6
Goal,0.17604986,22936.json,104.9,37.1
Off T,0.03110568,22936.json,91.4,40.5
Off T,0.12927517,22936.json,114.6,47.1
Off T,0.008435163,22936.json,112.3,60.6
Blocked,0.0069841803,22936.json,92.2,19.7
Blocked,0.029955717,22936.json,103.6,56.4
Off T,0.027468272,22936.json,89.6,42.3
Blocked,0.016222654,22939.json,94.7,48.9
Off T,0.018476428,22939.json,91.4,36.3
Saved,0.052340277,22939.json,104.2,42.4
Saved,0.009173761,22939.json,97.5,21.7
Blocked,0.013266789,22939.json,104.8,58.0
Wayward,0.119423136,22939.json,110.8,49.3
Off T,0.026237166,22939.json,95.0,47.8
Blocked,0.049516506,22939.json,103.0,45.9
Off T,0.04859035,22940.json,106.1,57.1
Saved,0.019611316,22940.json,85.9,40.0
Off T,0.08578172,22940.json,116.1,29.2
Off T,0.07568605,22940.json,109.1,45.5
Blocked,0.043580182,22940.json,107.8,27.6
Off T,0.0073760236,22940.json,83.7,46.5
Off T,0.030665202,22940.json,92.8,34.3
Saved,0.038061723,22940.json,116.3,51.4
Blocked,0.021647874,22942.json,99.5,28.8
Blocked,0.084944434,22943.json,101.9,44.5
Saved,0.031118229,22943.json,93.2,30.1
Off T,0.084192276,22943.json,106.4,38.7
Goal,0.23238441,22943.json,114.5,38.9
Off T,0.03578947,22943.json,96.6,30.1
Goal,0.0547017,22943.json,97.9,31.9
Goal,0.054856997,22943.json,102.4,28.3
Blocked,0.09085521,22943.json,108.2,37.0
Goal,0.50886995,22943.json,114.2,43.0
Saved,0.08971482,22943.json,103.9,32.8
Blocked,0.062494464,22943.json,103.7,48.9
Saved,0.1810684,22943.json,111.8,31.8
Saved,0.1521227,22943.json,112.3,34.9
Blocked,0.011818939,22943.json,118.5,30.2
Off T,0.031418398,22943.json,96.0,34.3
Goal,0.09475674,22943.json,104.6,44.3
Saved,0.009109526,22943.json,94.5,21.5
Goal,0.18937612,22943.json,108.3,38.7
Goal,0.0740359,22943.json,104.3,36.9
Off T,0.40454298,22943.json,113.1,41.8
Wayward,0.1452307,22944.json,108.4,41.9
Off T,0.2852719,22944.json,109.5,37.8
Off T,0.024541784,22944.json,103.4,57.4
Off T,0.048718303,22944.json,104.4,57.0
Off T,0.0055017998,22944.json,77.9,42.2
Blocked,0.04359571,22944.json,111.4,24.8
Off T,0.070764184,22944.json,106.0,54.0
Blocked,0.06355516,22944.json,101.7,38.2
Goal,0.15618837,22944.json,111.1,40.0
Off T,0.31105536,22944.json,107.2,37.0
Off T,0.013042145,22945.json,85.3,34.9
Blocked,0.008334438,22945.json,95.0,58.5
Blocked,0.051187474,22945.json,108.2,53.1
Wayward,0.045136362,22945.json,97.6,36.6
Saved,0.015595561,22945.json,86.7,31.6
Blocked,0.036968157,22945.json,99.9,39.1
Blocked,0.033833917,22945.json,95.7,37.8
Off T,0.13307151,22948.json,109.2,40.2
Blocked,0.013412345,22948.json,111.4,22.9
Saved,0.12900324,22948.json,113.0,41.3
Goal,0.31648102,22948.json,113.0,39.2
Off T,0.1735191,22948.json,114.7,41.5
Saved,0.12720454,22948.json,101.4,41.9
Saved Off Target,0.060278315,22948.json,113.9,27.6
Blocked,0.011556395,22948.json,107.6,57.8
Saved,0.014924447,22949.json,113.1,55.6
Off T,0.007808205,22949.json,86.4,50.5
Saved,0.11853174,22949.json,110.7,41.4
Goal,0.7775286,22949.json,118.9,37.0
Wayward,0.025372373,22949.json,93.7,44.9
Off T,0.026562583,22949.json,104.2,54.2
Off T,0.006355216,22949.json,84.4,26.6
Off T,0.09283967,22955.json,104.1,43.9
Goal,0.17210981,22955.json,112.8,40.5
Blocked,0.0411494,22955.json,95.4,37.5
Saved,0.021552216,22955.json,106.8,57.7
Goal,0.006561622,22955.json,92.8,63.9
Off T,0.08812186,22956.json,110.7,41.1
Off T,0.043629657,22956.json,96.5,36.5
Off T,0.107461706,22956.json,108.8,27.4
Off T,0.081980616,22956.json,109.4,41.7
Blocked,0.026670283,22956.json,104.4,25.6
Saved,0.15301071,22956.json,111.5,33.1
Off T,0.049534563,22961.json,104.5,50.1
Saved,0.014523979,22961.json,92.5,26.0
Saved,0.009164746,22961.json,115.0,21.9
Blocked,0.08739733,22961.json,109.5,35.8
Blocked,0.06560003,22961.json,105.0,34.3
Off T,0.02555909,22961.json,97.5,25.8
Blocked,0.039526135,22961.json,95.4,33.9
Saved,0.032385085,22961.json,100.7,51.4
Blocked,0.064988635,22961.json,109.7,51.6
Saved,0.1373988,22961.json,104.1,34.0
Saved,0.06340098,22962.json,108.0,39.8
Saved,0.22438326,22962.json,113.5,40.3
Goal,0.73672706,22962.json,115.5,40.6
Wayward,0.11078969,22962.json,105.0,34.0
Saved,0.03063444,22963.json,94.3,25.9
Blocked,0.0069582877,22963.json,89.4,23.0
Goal,0.27041373,22963.json,116.0,38.5
Blocked,0.0320157,22963.json,93.5,45.6
Blocked,0.09285158,22963.json,109.4,31.7
Goal,0.9543202,22963.json,114.5,39.6
Saved,0.02844963,22963.json,96.0,30.9
Off T,0.09782372,22964.json,108.2,28.3
Blocked,0.007319563,22964.json,87.4,22.5
Saved,0.02449257,22964.json,92.5,51.9
Goal,0.4445364,22964.json,112.3,41.5
Blocked,0.018807383,22964.json,87.2,38.7
Off T,0.13982432,22964.json,112.3,41.4
Off T,0.026876431,22964.json,90.9,36.6
Saved,0.03699053,22964.json,97.6,31.0
Off T,0.020933898,22964.json,90.6,35.4
Off T,0.0062741884,22966.json,88.4,24.3
Saved,0.10744571,22966.json,112.4,34.1
Blocked,0.038515076,22966.json,98.4,30.0
Blocked,0.044334035,22966.json,108.3,29.0
Off T,0.022856664,22966.json,90.6,49.1
Off T,0.17712873,22966.json,109.4,39.5
Off T,0.39569494,22966.json,113.8,44.9
Blocked,0.045937974,22966.json,100.7,29.6
Saved,0.039702266,22966.json,99.7,28.2
Saved,0.010114029,22973.json,102.5,60.7
Off T,0.084961526,22973.json,108.9,42.6
Off T,0.03619141,22973.json,94.1,42.6
Off T,0.07804835,22973.json,105.2,46.4
Blocked,0.059990287,22973.json,107.1,30.2
Off T,0.118036374,22973.json,107.0,40.0
Saved,0.010496934,22973.json,101.8,58.9
Off T,0.018722065,22973.json,100.3,58.0
Blocked,0.020108784,22973.json,114.9,26.0
Saved,0.118491195,22973.json,112.6,45.2
Post,0.16043931,22974.json,118.6,45.4
Blocked,0.023733187,22974.json,92.6,46.6
Off T,0.025208786,22974.json,90.9,45.2
Saved,0.2551284,22974.json,110.1,41.2
Saved,0.08281603,22974.json,107.6,27.7
Wayward,0.15591873,22974.json,113.8,43.7
Saved,0.19920985,22974.json,112.5,37.7
Blocked,0.030299332,22980.json,100.0,30.8
Saved,0.07916361,22980.json,112.5,49.7
Off T,0.034267504,22981.json,102.1,50.6
Blocked,0.055482917,22981.json,103.5,28.0
Blocked,0.07500752,22981.json,102.4,38.2
Wayward,0.072663225,22981.json,105.5,32.4
Blocked,0.025728399,22981.json,95.3,38.8
Saved,0.061824717,22981.json,113.2,27.8
Blocked,0.040089563,22981.json,102.3,52.5
Off T,0.024468191,22981.json,88.9,41.3
Blocked,0.10480567,22981.json,106.4,43.7
Blocked,0.0503992,22981.json,104.5,51.5
Off T,0.30561942,22981.json,113.2,37.4
Blocked,0.07512525,22983.json,105.6,28.7
Blocked,0.05772186,22983.json,101.4,34.0
Blocked,0.018082924,22983.json,90.2,46.1
Saved,0.0528759,22983.json,116.7,29.3
Off T,0.035329483,22983.json,97.5,31.7
Blocked,0.05199621,22983.json,102.7,41.2
Blocked,0.05587824,22983.json,101.9,42.7
Off T,0.04613964,22983.json,104.3,56.7
Saved,0.053752,22983.json,96.5,43.4
Off T,0.02965763,22983.json,91.9,35.9
Saved,0.11540245,22983.json,112.0,49.7
Off T,0.04217997,22984.json,93.7,35.8
Goal,0.29337415,22984.json,108.2,43.9
Wayward,0.35727128,22984.json,112.5,39.6
Off T,0.269407,22984.json,103.4,34.3
Goal,0.19979903,22984.json,113.3,39.3
Blocked,0.06198871,22984.json,99.7,28.4
Saved,0.30125463,22984.json,110.3,37.7
Blocked,0.00814128,22984.json,93.4,57.4
Off T,0.022040086,22984.json,95.1,30.1
Saved,0.15690722,22984.json,108.8,40.5
Saved,0.14107212,68311.json,103.7,46.3
Off T,0.11063904,68311.json,108.5,48.1
Saved,0.069181636,68312.json,101.5,29.0
Blocked,0.045545235,68312.json,99.3,48.9
Off T,0.096464515,68312.json,107.9,42.1
Off T,0.34448034,68312.json,114.7,42.8
Off T,0.018525861,68313.json,88.6,48.7
Saved,0.0413299,68313.json,109.5,54.6
Goal,0.048186053,68313.json,103.5,26.4
Blocked,0.06452809,68313.json,107.7,33.1
Saved,0.06043759,68313.json,98.5,36.4
Off T,0.008294905,68313.json,97.7,17.8
Blocked,0.013908021,68313.json,85.2,47.0
Post,0.102452755,68313.json,99.9,45.7
Goal,0.12778239,68313.json,108.2,43.4
Off T,0.03763988,68314.json,102.0,52.8
Off T,0.00602796,68314.json,89.0,20.7
Goal,0.022247562,68314.json,89.1,47.1
Off T,0.07580931,68314.json,98.1,38.5
Saved,0.33085492,68314.json,108.1,47.6
Off T,0.123506606,68314.json,113.1,27.5
Goal,0.1647012,68314.json,110.0,40.2
Saved,0.016980581,68314.json,87.5,30.3
Off T,0.19528468,68314.json,108.7,33.7
Saved,0.087893374,68314.json,112.8,27.2
Goal,0.14795043,68314.json,114.1,31.3
Saved,0.04926339,68315.json,101.4,24.7
Blocked,0.09754931,68315.json,113.5,45.8
Off T,0.21205725,68315.json,114.1,43.9
Off T,0.10037697,68315.json,104.9,35.9
Off T,0.24049205,68315.json,106.8,36.8
Off T,0.07727127,68315.json,111.7,50.0
Blocked,0.044644717,68315.json,103.5,27.7
Goal,0.028495375,68315.json,113.2,23.9
Off T,0.02743185,68315.json,91.9,46.7
Saved,0.010079262,68315.json,95.9,59.6
Saved,0.4869987,68315.json,114.9,42.3
Off T,0.03265231,68315.json,98.4,53.3
Off T,0.017467737,68316.json,89.3,47.0
Saved,0.007385222,68316.json,90.4,23.3
Saved,0.0062392955,68316.json,96.3,68.6
Off T,0.021396313,68316.json,86.8,47.4
Saved,0.024928266,68316.json,93.9,51.0
Blocked,0.05980626,68316.json,101.5,40.3
Saved to Post,0.12486529,68316.json,110.6,36.4
Wayward,0.03702904,68316.json,95.4,48.3
Off T,0.05626643,68316.json,98.4,49.3
Blocked,0.042826116,68316.json,103.7,29.1
Goal,0.05035011,68316.json,96.7,33.5
Off T,0.07082994,68316.json,108.1,51.0
Off T,0.060110334,68317.json,97.5,35.5
Saved,0.00735692,68317.json,95.3,59.2
Off T,0.024383413,68317.json,92.7,48.3
Off T,0.09230674,68317.json,105.6,46.4
Wayward,0.061166823,68317.json,98.3,51.1
Post,0.25106353,68317.json,108.6,37.9
Wayward,0.02042063,68317.json,94.4,52.2
Blocked,0.012946631,68318.json,89.2,52.1
Off T,0.0341115,68318.json,97.9,49.8
Goal,0.40640977,68318.json,112.4,38.0
Saved,0.020340158,68318.json,119.1,31.7
Saved,0.016164327,68318.json,91.7,56.2
Saved,0.014225127,68318.json,92.3,36.6
Off T,0.015944997,68318.json,100.0,58.1
Blocked,0.043697048,68319.json,99.3,29.5
Goal,0.2022837,68319.json,103.3,41.7
Off T,0.06940046,68319.json,110.6,43.4
Blocked,0.024335222,68319.json,115.6,52.4
Wayward,0.039401133,68319.json,91.5,39.7
Blocked,0.0417342,68319.json,101.0,49.4
Off T,0.13582948,68319.json,113.3,38.9
Saved,0.029853897,68319.json,92.5,39.5
Saved,0.13454662,68319.json,108.4,50.8
Goal,0.2444742,68319.json,113.3,30.6
Off T,0.081395075,68319.json,105.6,40.1
Off T,0.12948102,68320.json,114.7,33.9
Blocked,0.015063839,68320.json,84.7,36.5
Off T,0.06338402,68320.json,107.6,29.6
Goal,0.026054524,68320.json,90.3,48.3
Saved,0.06803406,68320.json,97.7,34.0
Blocked,0.019413058,68321.json,87.4,41.0
Off T,0.018796,68321.json,93.0,46.4
Blocked,0.023273772,68321.json,95.4,28.5
Off T,0.008115219,68321.json,94.3,20.2
Off T,0.0063753948,68321.json,108.7,19.2
Blocked,0.022818498,68321.json,94.5,55.1
Off T,0.009910749,68321.json,107.4,20.2
Blocked,0.08338188,68321.json,111.2,27.1
Off T,0.064903915,68322.json,99.9,32.6
Off T,0.07383403,68322.json,112.5,35.9
Blocked,0.05811793,68322.json,104.9,29.9
Off T,0.08146424,68323.json,99.1,30.0
Blocked,0.07879819,68323.json,107.8,34.7
Saved,0.046720576,68323.json,107.0,56.5
Saved,0.05619402,68323.json,99.1,49.6
Post,0.010057461,68323.json,109.7,58.9
Off T,0.13745835,68323.json,105.7,42.6
Off T,0.0053185485,68323.json,74.4,35.0
Saved,0.31881028,68323.json,111.2,42.9
Saved,0.24670252,68323.json,111.4,45.5
Post,0.011273943,68324.json,112.8,22.1
Blocked,0.008244703,68324.json,101.3,59.6
Blocked,0.04439544,68324.json,100.8,44.4
Blocked,0.058332834,68324.json,111.2,29.8
Off T,0.2920523,68324.json,116.2,45.6
Saved,0.15648219,68324.json,105.0,42.0
Goal,0.8668759,68324.json,115.9,39.5
Off T,0.45479172,68324.json,109.8,32.4
Blocked,0.015990648,68324.json,89.4,52.3
Off T,0.024344625,68324.json,92.8,46.6
Off T,0.14577432,68324.json,106.4,31.1
Saved,0.0055098124,68325.json,74.8,38.0
Blocked,0.0585213,68325.json,97.4,43.2
Off T,0.044136267,68325.json,102.3,44.3
Saved,0.0046375142,68325.json,77.6,22.0
Goal,0.3288889,68325.json,107.6,33.0
Goal,0.13055193,68325.json,107.5,35.4
Goal,0.14567757,68325.json,109.8,27.1
Saved,0.037955824,68326.json,98.9,30.3
Blocked,0.05980708,68326.json,108.5,43.7
Wayward,0.0070215296,68326.json,68.7,4.8
Goal,0.13645959,68326.json,104.0,36.1
Blocked,0.04339284,68326.json,103.5,32.6
Off T,0.15713295,68326.json,109.9,29.9
Blocked,0.059047893,68327.json,104.6,40.0
Saved,0.042525455,68327.json,104.9,56.4
Goal,0.30461535,68327.json,105.2,49.6
Goal,0.19429968,68327.json,110.2,47.3
Saved to Post,0.28725752,68327.json,112.5,49.3
Off T,0.07647868,68327.json,106.5,45.8
Saved,0.03910947,68327.json,95.3,50.4
Off T,0.06293084,68327.json,98.0,35.6
Blocked,0.6734019,68327.json,115.7,36.7
Saved,0.03086057,68328.json,106.4,22.4
Off T,0.04322091,68328.json,96.0,35.0
Off T,0.035122953,68328.json,94.3,38.0
Blocked,0.037719976,68328.json,95.3,36.2
Off T,0.0067191278,68328.json,91.2,57.9
Saved,0.056806643,68328.json,97.2,36.5
Off T,0.008168015,68328.json,86.9,50.8
Blocked,0.030308895,68328.json,113.5,27.2
Saved,0.1870361,68328.json,111.6,33.4
Off T,0.024232939,68329.json,93.1,51.0
Off T,0.022382563,68329.json,93.9,25.2
Off T,0.03921179,68329.json,104.2,28.5
Blocked,0.107434504,68329.json,114.0,45.5
Off T,0.15721133,68329.json,110.0,33.2
Goal,0.13291487,68329.json,110.7,50.2
Goal,0.14384015,68330.json,109.3,37.7
Saved,0.029207936,68330.json,98.7,24.2
Wayward,0.06559758,68330.json,96.5,32.9
Saved,0.029983455,68330.json,95.4,50.9
Off T,0.30506054,68330.json,110.0,43.4
Saved,0.026926145,68330.json,106.1,26.0
Blocked,0.019664805,68330.json,93.1,30.8
Goal,0.31715658,68330.json,108.9,39.9
Post,0.029055499,68330.json,96.6,49.1
Off T,0.007560439,68330.json,110.1,15.7
Off T,0.039464466,68330.json,104.4,24.3
Off T,0.020082053,68330.json,89.8,35.8
Blocked,0.032048628,68330.json,97.1,33.0
Off T,0.19668749,68330.json,112.7,30.3
Blocked,0.08329088,68331.json,101.8,49.6
Blocked,0.06008203,68331.json,102.5,46.5
Off T,0.009118065,68331.json,111.3,20.5
Blocked,0.042261414,68331.json,110.0,50.7
Blocked,0.06790863,68331.json,100.8,36.6
Blocked,0.037783615,68331.json,98.3,48.9
Saved,0.026409663,68331.json,93.3,24.7
Blocked,0.041935563,68331.json,112.6,54.7
Saved,0.18772419,68332.json,105.5,52.1
Saved,0.13572226,68332.json,103.7,40.8
Off T,0.023471149,68332.json,91.5,47.7
Saved,0.011071001,68332.json,105.7,21.5
Off T,0.09805638,68332.json,112.2,52.1
Goal,0.44065568,68332.json,112.7,39.2
Blocked,0.031417098,68332.json,98.3,50.5
Off T,0.027110556,68332.json,92.3,27.3
Saved,0.01544622,68333.json,98.4,22.0
Saved,0.035159934,68333.json,94.3,37.8
Goal,0.15125805,68333.json,103.3,40.5
Off T,0.1908348,68333.json,112.9,41.4
Off T,0.007774844,68333.json,82.3,55.9
Goal,0.15206175,68333.json,103.5,25.7
Saved,0.28975976,68333.json,110.0,29.6
Blocked,0.026163744,68334.json,89.8,44.4
Goal,0.08391149,68334.json,111.9,34.2
Off T,0.07168578,68334.json,103.4,36.8
Saved,0.012947142,68334.json,108.4,58.0
Saved,0.2015434,68334.json,116.4,47.6
Off T,0.033412084,68334.json,104.1,55.9
Saved,0.13133764,68334.json,105.3,28.3
Off T,0.3654007,68334.json,110.6,36.2
Goal,0.07295377,68335.json,99.0,36.9
Off T,0.09997603,68335.json,111.7,34.7
Saved,0.24121343,68335.json,111.2,32.9
Blocked,0.027922854,68335.json,95.6,54.1
Saved,0.08375116,68335.json,105.7,38.7
Saved,0.18163866,68335.json,115.7,31.4
Goal,0.30498907,68335.json,111.0,42.1
Blocked,0.044726044,68335.json,95.1,45.9
Off T,0.5019723,68335.json,117.2,36.8
Off T,0.06264906,68335.json,103.3,41.3
Saved,0.257388,68335.json,102.0,40.2
Saved,0.066841826,68335.json,99.1,32.2
Saved,0.08047026,68335.json,107.8,27.9
Blocked,0.11493556,68335.json,107.7,48.6
Off T,0.047647536,68335.json,98.4,31.4
Goal,0.101708755,68335.json,107.0,27.4
Saved,0.006284921,68336.json,103.8,6.6
Off T,0.0044756234,68336.json,74.8,54.4
Saved,0.06815488,68336.json,108.3,28.9
Blocked,0.10224508,68336.json,103.9,44.1
Saved,0.0710188,68336.json,109.0,28.0
Wayward,0.13665439,68336.json,106.5,42.9
Saved,0.013003337,68336.json,107.3,59.3
Goal,0.11094798,68336.json,106.8,31.4
Off T,0.06867613,68336.json,108.6,28.1
Off T,0.031826038,68336.json,101.2,23.9
Off T,0.03812695,68337.json,96.8,44.4
Blocked,0.017608298,68337.json,94.4,50.0
Blocked,0.011995319,68337.json,84.3,43.8
Off T,0.095447056,68337.json,109.8,46.9
Saved,0.2525656,68337.json,105.2,43.9
Off T,0.041169204,68337.json,93.1,41.2
Saved,0.22356792,68337.json,112.0,38.2
Saved,0.026215924,68337.json,92.5,32.9
Off T,0.028045787,68337.json,94.4,51.1
Off T,0.048192415,68337.json,102.4,39.4
Off T,0.153885,68337.json,112.5,34.1
Saved,0.35390115,68337.json,103.4,38.4
Off T,0.014670367,68337.json,117.3,26.5
Off T,0.09060522,68338.json,100.8,36.5
Off T,0.021251587,68338.json,90.3,36.7
Blocked,0.06806814,68338.json,108.7,49.3
Off T,0.02984501,68338.json,91.0,36.3
Off T,0.015340934,68338.json,87.7,50.7
Goal,0.38680646,68338.json,108.0,33.7
Saved,0.0066213175,68338.json,83.1,42.5
Saved,0.010061375,68339.json,83.4,31.3
Goal,0.49380678,68339.json,112.1,38.6
Saved,0.05831581,68340.json,98.5,45.7
Goal,0.011600127,68340.json,84.1,40.2
Off T,0.055875115,68340.json,105.6,47.5
Off T,0.040111568,68340.json,98.6,34.3
Goal,0.20891401,68340.json,110.3,46.4
Goal,0.0069834264,68341.json,82.3,47.2
Off T,0.0074095554,68341.json,82.6,29.9
Blocked,0.050582137,68341.json,105.6,53.3
Saved,0.28361085,68341.json,113.9,48.3
Goal,0.029682595,68341.json,118.1,49.6
Off T,0.022363307,68341.json,86.4,42.9
Saved,0.06176394,68341.json,102.3,50.8
Blocked,0.02296501,68341.json,89.6,41.1
Off T,0.12728213,68341.json,113.0,28.0
Saved,0.037846137,68341.json,107.8,54.4
Off T,0.06366765,68342.json,106.9,31.5
Saved,0.10715234,68342.json,107.3,52.7
Off T,0.049719,68342.json,92.9,46.3
Wayward,0.092452556,68342.json,107.7,47.8
Saved,0.047900315,68342.json,104.3,50.7
Goal,0.52280796,68342.json,116.2,32.8
Saved,0.028761249,68342.json,100.2,28.8
Wayward,0.08313348,68343.json,114.5,32.5
Saved,0.06653832,68343.json,103.7,41.4
Off T,0.015975524,68343.json,95.5,30.2
Off T,0.023575671,68343.json,94.9,51.7
Off T,0.0077508707,68343.json,91.6,56.5
Off T,0.02105307,68343.json,97.4,56.0
Off T,0.08608226,68343.json,106.9,41.6
Saved,0.015560293,68343.json,84.8,37.7
Post,0.09469714,68343.json,105.9,49.9
Saved,0.037687596,68343.json,95.3,37.8
Off T,0.026594458,68343.json,98.3,23.6
Off T,0.028212985,68344.json,100.3,57.5
Post,0.18944763,68344.json,113.3,49.7
Off T,0.06742577,68344.json,107.5,30.2
Saved,0.036578003,68344.json,92.8,41.4
Off T,0.02314342,68344.json,95.3,53.3
Off T,0.021142535,68345.json,99.1,22.8
Blocked,0.02069929,68345.json,102.7,54.9
Saved,0.016245713,68345.json,85.0,37.6
Off T,0.050145548,68345.json,103.5,48.3
Saved,0.12229547,68345.json,105.0,50.4
Off T,0.009433411,68345.json,110.0,59.2
Blocked,0.03165816,68345.json,94.8,37.8
Wayward,0.050367314,68345.json,99.7,50.3
Blocked,0.047228616,68345.json,105.0,30.9
Wayward,0.13489367,68345.json,109.6,39.3
Off T,0.12334641,68345.json,112.8,40.2
Saved,0.5017711,68345.json,110.2,35.8
Blocked,0.0070569795,68346.json,89.4,55.9
Off T,0.0064100013,68346.json,81.3,41.0
Blocked,0.040925093,68346.json,96.6,47.8
Saved Off Target,0.0747275,68346.json,109.1,44.2
Off T,0.00677029,68346.json,79.2,34.7
Goal,0.29874805,68346.json,109.8,34.9
Saved,0.19782586,68346.json,115.1,48.5
Saved,0.13514602,68346.json,112.9,43.2
Saved,0.11423126,68346.json,110.1,34.7
Off T,0.15174179,68346.json,116.4,33.3
Off T,0.043740448,68346.json,96.0,38.5
Goal,0.15400036,68347.json,107.9,37.5
Off T,0.03040811,68347.json,104.5,56.8
Off T,0.03679686,68347.json,99.5,53.8
Wayward,0.15508859,68347.json,113.7,44.2
Off T,0.023335202,68347.json,87.4,40.0
Off T,0.05279956,68347.json,94.2,48.7
Saved,0.025882592,68347.json,100.4,22.7
Saved,0.0052933767,68348.json,75.4,31.3
Off T,0.3680332,68348.json,107.4,42.2
Saved,0.16581263,68348.json,94.7,32.1
Off T,0.09256414,68348.json,85.6,37.1
Off T,0.09642705,68348.json,108.3,39.8
Saved,0.078734905,68348.json,102.7,40.4
Off T,0.008693512,68348.json,97.7,20.2
Off T,0.06920001,68350.json,110.2,49.2
Goal,0.88209945,68350.json,114.2,40.5
Blocked,0.0072340923,68350.json,86.9,52.2
Off T,0.09856411,68350.json,108.9,43.3
Goal,0.36060983,68350.json,108.2,38.3
Off T,0.00890615,68350.json,105.2,58.3
Off T,0.014616117,68351.json,116.8,53.6
Off T,0.011063794,68351.json,84.1,43.5
Off T,0.012169483,68351.json,83.8,40.4
Off T,0.010283306,68351.json,107.6,19.0
Saved,0.011891731,68351.json,96.4,21.6
Goal,0.29215696,68351.json,113.1,43.6
Saved,0.24499084,68352.json,106.2,34.3
Off T,0.05105918,68352.json,100.6,52.4
Off T,0.090349354,68352.json,103.4,50.1
Off T,0.013243625,68352.json,100.4,58.4
Saved,0.14453724,68352.json,110.1,40.2
Blocked,0.11798265,68352.json,109.9,47.4
Off T,0.05125762,68352.json,99.2,34.9
Off T,0.05866728,68353.json,96.1,42.2
Goal,0.013801029,68353.json,91.6,55.0
Saved,0.014420936,68353.json,108.7,58.0
Saved,0.30802777,68353.json,114.9,29.5
Off T,0.074461535,68353.json,116.8,49.2
Off T,0.15884337,68353.json,108.4,28.4
Off T,0.007431242,68353.json,88.4,59.2
Blocked,0.12720343,68354.json,105.5,32.0
Off T,0.026545018,68354.json,87.9,49.1
Off T,0.02121874,68354.json,100.2,22.0
Goal,0.15295842,68354.json,104.9,44.7
Off T,0.025999889,68354.json,92.6,45.2
Saved,0.06550612,68354.json,102.9,45.2
Off T,0.09179476,68354.json,106.8,36.8
Wayward,0.015224432,68355.json,85.3,39.8
Goal,0.42218363,68356.json,112.6,35.1
Off T,0.07683859,68356.json,105.3,29.7
Off T,0.03825783,68356.json,101.9,53.5
Off T,0.055669103,68356.json,96.3,45.8
Wayward,0.021777341,68356.json,105.5,22.3
Off T,0.11840527,68356.json,107.3,43.8
Blocked,0.0261968,68356.json,92.6,42.8
Blocked,0.03011113,68356.json,104.0,22.6
Goal,0.1924721,68356.json,109.5,35.9
Off T,0.023110343,68357.json,90.5,50.7
Saved,0.019806115,68357.json,114.7,53.7
Off T,0.026687084,68357.json,103.4,57.8
Goal,0.24514452,68357.json,103.9,49.8
Blocked,0.064202435,68357.json,106.0,50.4
Saved,0.048517138,68357.json,111.4,52.4
Off T,0.034293592,68357.json,94.4,37.7
Blocked,0.060257502,68357.json,100.9,28.3
Off T,0.012376024,68357.json,106.4,60.1
Blocked,0.05688614,68357.json,107.6,41.8
Off T,0.044372786,68357.json,115.9,49.2
Blocked,0.06140472,68357.json,105.5,37.6
Post,0.014268769,68357.json,84.6,46.1
Blocked,0.03146504,68357.json,105.2,27.7
Saved,0.06298887,68357.json,96.7,47.6
Goal,0.37025484,68358.json,114.0,38.8
Off T,0.35824752,68358.json,113.2,37.5
Off T,0.102341436,68358.json,105.4,36.6
Goal,0.048209086,68358.json,95.5,33.9
Saved,0.32407638,68358.json,113.2,36.8
Saved,0.006975098,68358.json,92.7,60.4
Off T,0.109446794,68358.json,106.8,39.1
Off T,0.08882253,68359.json,102.1,32.3
Off T,0.0069860094,68359.json,100.6,14.6
Off T,0.034644503,68359.json,105.0,23.6
Off T,0.14968696,68359.json,112.9,45.7
Saved,0.020192573,68359.json,88.3,32.2
Saved,0.027154777,68359.json,117.8,50.3
Off T,0.10297612,68359.json,103.4,35.3
Blocked,0.0059510297,68359.json,83.4,58.4
Off T,0.016705925,68359.json,103.2,58.4
Off T,0.010100661,68359.json,105.4,20.0
Saved,0.007236877,68359.json,114.7,57.4
Off T,0.028936302,68360.json,99.5,24.0
Goal,0.11178709,68360.json,107.3,38.5
Off T,0.12328458,68360.json,108.1,35.2
Off T,0.0065171593,68360.json,81.5,38.7
Goal,0.80582106,68360.json,114.5,38.7
Saved,0.009442626,68360.json,96.0,60.4
Blocked,0.02611989,68360.json,104.6,24.3
Saved,0.044639327,68360.json,101.8,24.0
Goal,0.09778944,68361.json,102.0,37.8
Blocked,0.008278082,68361.json,102.9,18.4
Saved,0.05345073,68361.json,111.4,26.1
Off T,0.045412254,68361.json,108.2,26.1
Saved,0.021186171,68361.json,86.3,36.7
Blocked,0.022813959,68361.json,99.5,27.9
Goal,0.40809333,68361.json,114.2,43.3
Saved,0.11870101,68361.json,101.3,43.9
Goal,0.20033191,68361.json,96.5,33.3
Wayward,0.024380228,68362.json,92.8,29.7
Goal,0.36996657,68362.json,104.5,39.3
Off T,0.20783718,68362.json,108.2,33.6
Saved,0.056565527,68362.json,97.4,44.9
Blocked,0.006508264,68363.json,83.1,20.7
Saved,0.024688778,68363.json,92.7,36.8
Saved,0.29350767,68363.json,108.7,42.5
Goal,0.5644483,68363.json,111.5,42.4
Saved,0.01623523,68363.json,106.7,22.1
Blocked,0.017552322,68363.json,89.3,28.9
Saved,0.064686365,68363.json,99.0,30.0
Off T,0.040969163,68363.json,103.8,23.0
Saved,0.13115184,68363.json,118.8,34.9
Off T,0.015002307,68363.json,85.8,44.4
Off T,0.006176261,68363.json,82.0,55.3
Blocked,0.07911111,68363.json,104.1,45.5
Saved,0.16082907,68363.json,104.8,37.1
Goal,0.06773658,68364.json,107.5,27.2
Off T,0.077898495,68364.json,105.3,29.4
Saved,0.010976181,68364.json,94.6,57.8
Off T,0.2925673,68364.json,112.5,43.6
Saved,0.009627967,68365.json,97.0,58.8
Off T,0.023999993,68365.json,97.0,23.7
Saved,0.0067639537,68365.json,91.7,19.2
Goal,0.088492855,68365.json,107.4,39.4
Goal,0.032240175,68365.json,101.3,57.2
Off T,0.0073631834,68365.json,80.6,43.6
Off T,0.15029946,68365.json,113.3,29.1
Goal,0.061909337,68365.json,100.5,31.5
Blocked,0.0536442,68365.json,108.7,27.4
Saved,0.018618677,68365.json,88.3,35.7
Blocked,0.08098837,68365.json,114.5,33.0
Off T,0.027348844,68365.json,90.9,45.1
Off T,0.0073452285,68366.json,86.7,51.2
Saved,0.0070515783,68366.json,91.5,22.0
Goal,0.02840656,68366.json,101.9,24.3
Saved,0.028110104,68366.json,88.9,47.0
Saved,0.088879876,68366.json,104.5,41.7
Goal,0.59668195,68366.json,114.7,39.3
Goal,0.021443645,68366.json,103.1,57.5
Blocked,0.08348969,68366.json,108.1,51.4
Blocked,0.04739453,69137.json,98.3,32.6
Off T,0.06608622,69137.json,105.4,29.1
Wayward,0.0048467205,69137.json,72.7,46.2
Saved,0.0118768355,69137.json,100.6,20.5
Off T,0.00656735,69137.json,84.8,49.7
Saved,0.067306206,69137.json,114.4,53.2
Blocked,0.040904585,69138.json,96.9,36.1
Off T,0.0640794,69138.json,112.3,28.6
Off T,0.06484226,69138.json,103.7,41.7
Saved,0.1153211,69138.json,104.1,37.4
Off T,0.06295072,69138.json,106.8,37.8
Goal,0.22914901,69138.json,114.0,49.8
Off T,0.0066508176,69138.json,86.6,50.8
Goal,0.18341838,69138.json,109.6,38.9
Off T,0.36230963,69139.json,115.2,35.6
Off T,0.06258783,69139.json,98.9,47.4
Goal,0.39262238,69139.json,117.0,44.5
Goal,0.12312755,69139.json,100.6,30.0
Goal,0.05013023,69141.json,97.4,42.7
Saved,0.018765034,69141.json,86.0,34.0
Goal,0.18795016,69141.json,113.3,31.7
Saved,0.2177476,69141.json,113.6,47.7
Blocked,0.02328239,69141.json,92.9,43.7
Blocked,0.033762038,69141.json,92.9,43.0
Saved,0.05987244,69141.json,95.5,35.0
Goal,0.39615226,69141.json,110.1,43.8
Blocked,0.043159433,69141.json,100.9,41.3
Saved,0.03791184,69142.json,96.4,31.4
Blocked,0.034943104,69142.json,93.0,47.3
Off T,0.07097189,69142.json,98.1,37.2
Off T,0.13097894,69142.json,109.2,40.4
Blocked,0.10367381,69142.json,110.3,29.8
Off T,0.47086886,69142.json,103.9,37.5
Blocked,0.057797953,69142.json,99.7,43.9
Saved,0.041164216,69142.json,101.5,30.6
Saved,0.26906183,69142.json,112.5,37.2
Off T,0.03000717,69142.json,98.1,50.9
Goal,0.17297147,69142.json,109.0,41.1
Saved,0.0088831065,69142.json,93.1,22.9
Goal,0.5178138,69142.json,113.6,40.5
Off T,0.023991378,69142.json,100.7,56.8
Blocked,0.0637071,69142.json,107.0,29.3
Off T,0.023453962,69142.json,101.0,22.7
Saved,0.31880748,69142.json,110.3,34.8
Blocked,0.032070644,69142.json,91.0,41.9
Blocked,0.009659664,69144.json,87.2,51.1
Off T,0.0062888856,69144.json,84.0,31.3
Saved,0.14580332,69144.json,104.8,45.2
Saved,0.02039487,69144.json,94.7,25.3
Goal,0.37062803,69144.json,112.2,42.0
Blocked,0.03182432,69145.json,92.4,43.7
Saved,0.2041644,69145.json,110.8,40.3
Off T,0.075840615,69145.json,108.2,37.9
Saved,0.03457387,69145.json,100.3,50.2
Blocked,0.6182176,69145.json,114.0,38.7
Blocked,0.09521738,69145.json,111.3,52.1
Saved,0.06692356,69146.json,106.8,28.9
Off T,0.039305862,69146.json,99.5,32.5
Saved,0.040117323,69146.json,116.1,52.4
Saved,0.118214704,69146.json,109.8,45.9
Goal,0.755674,69146.json,118.2,36.0
Off T,0.04072512,69146.json,94.1,44.7
Saved,0.030551068,69146.json,95.1,33.0
Off T,0.061508708,69146.json,96.6,47.2
Blocked,0.044680364,69146.json,104.5,29.3
Goal,0.12862208,69146.json,103.8,45.4
Off T,0.009654844,69146.json,99.5,20.0
Saved,0.024572602,69147.json,85.8,42.7
Off T,0.19785312,69147.json,108.7,41.3
Goal,0.07575983,69147.json,109.4,52.2
Off T,0.011776477,69147.json,95.7,21.8
Off T,0.10173104,69147.json,102.4,36.0
Off T,0.054549333,69147.json,113.4,53.1
Blocked,0.13760374,69147.json,113.3,29.5
Blocked,0.06247645,69147.json,100.1,36.6
Off T,0.016502239,69147.json,88.5,40.1
Blocked,0.032391638,69147.json,96.4,49.2
Saved,0.020285737,69147.json,100.2,55.8
Off T,0.006008532,69147.json,86.3,50.5
Off T,0.029055808,69148.json,101.9,51.3
Blocked,0.08937317,69148.json,107.8,30.9
Post,0.060711276,69148.json,111.9,32.1
Off T,0.027687877,69148.json,93.3,29.6
Saved,0.0789904,69148.json,107.0,27.9
Saved,0.005952288,69149.json,90.8,18.8
Blocked,0.07280441,69149.json,101.4,46.2
Saved,0.04746987,69149.json,94.1,39.5
Goal,0.47098592,69149.json,104.6,36.7
Off T,0.05870421,69149.json,100.6,38.7
Goal,0.07262791,69149.json,111.1,54.1
Saved,0.25909805,69149.json,107.0,49.9
Goal,0.42386377,69149.json,114.0,43.4
Off T,0.11231496,69149.json,110.7,42.2
Wayward,0.031000337,69151.json,100.9,52.6
Goal,0.3795288,69151.json,106.4,31.6
Off T,0.104615174,69151.json,99.1,46.2
Goal,0.15727653,69151.json,115.1,50.2
Saved,0.04272252,69151.json,100.2,50.5
Post,0.094279505,69151.json,116.4,47.6
Goal,0.19657052,69153.json,112.4,51.6
Off T,0.1227973,69153.json,100.5,35.1
Blocked,0.04070079,69153.json,101.9,31.6
Off T,0.020867852,69153.json,88.1,47.2
Blocked,0.009946509,69153.json,84.6,35.2
Blocked,0.077741444,69153.json,108.8,42.7
Blocked,0.07128609,69153.json,108.4,25.7
Blocked,0.57522035,69153.json,114.0,39.6
Off T,0.0065687345,69154.json,90.5,20.9
Blocked,0.08781905,69154.json,111.1,33.6
Off T,0.006973523,69154.json,101.0,15.2
Off T,0.3212723,69154.json,110.1,35.1
Off T,0.007622292,69154.json,83.8,35.9
Off T,0.038516186,69155.json,97.5,32.0
Saved,0.05437806,69155.json,95.3,42.4
Off T,0.028526124,69155.json,87.2,40.3
Saved,0.20368028,69155.json,109.6,31.4
Wayward,0.36423334,69155.json,114.5,35.7
Saved,0.03188492,69155.json,98.0,30.4
Goal,0.22033323,69155.json,108.3,51.2
Off T,0.021112634,69155.json,89.0,31.6
Blocked,0.011247148,69156.json,93.6,56.0
Off T,0.09841644,69156.json,101.1,37.6
Off T,0.15812173,69156.json,110.9,38.1
Blocked,0.033779398,69156.json,99.5,26.1
Off T,0.03192814,69156.json,93.5,52.5
Off T,0.04363344,69156.json,105.4,36.0
Wayward,0.2784783,69156.json,115.8,38.0
Saved,0.02184553,69157.json,97.3,24.0
Blocked,0.14149211,69157.json,111.0,35.5
Saved,0.16058877,69157.json,101.4,47.3
Saved,0.006879013,69157.json,86.3,52.4
Blocked,0.02896236,69158.json,89.3,41.4
Saved,0.026032433,69158.json,104.2,28.0
Saved,0.06441097,69158.json,107.8,28.9
Saved,0.023719013,69158.json,88.3,47.5
Saved,0.4416887,69158.json,105.8,47.3
Goal,0.49732313,69158.json,109.6,37.3
Blocked,0.0069131684,69158.json,88.6,54.5
Off T,0.15036865,69158.json,110.2,43.4
Off T,0.019140506,69158.json,114.6,23.8
Saved,0.05516974,69158.json,105.7,26.1
Off T,0.046753142,69158.json,105.9,53.1
Off T,0.11309177,69158.json,110.7,27.8
Saved,0.11405978,69158.json,112.2,27.7
Saved,0.112449996,69158.json,103.5,30.1
Off T,0.006450135,69159.json,106.0,19.1
Off T,0.020739593,69159.json,90.4,48.3
Saved,0.040999018,69159.json,97.9,30.1
Off T,0.016107408,69159.json,113.2,55.8
Blocked,0.042153224,69159.json,101.1,52.1
Saved,0.36651027,69159.json,107.2,40.4
Off T,0.06799393,69159.json,107.4,42.0
Off T,0.018734453,69160.json,89.7,28.6
Saved,0.011284254,69160.json,92.4,22.9
Saved,0.009382684,69160.json,111.3,58.1
Saved,0.12135352,69160.json,108.0,42.9
Goal,0.7708575,69160.json,108.6,45.0
Off T,0.017739506,69160.json,89.3,28.5
Saved,0.101147674,69160.json,105.5,30.6
Off T,0.07866968,69160.json,103.9,31.1
Blocked,0.06753249,69161.json,102.8,30.1
Goal,0.07677277,69161.json,97.1,39.7
Off T,0.023386901,69161.json,94.0,28.4
Off T,0.02772784,69161.json,89.5,40.9
Blocked,0.035463244,69162.json,108.4,26.5
Off T,0.057939347,69162.json,99.7,51.3
Off T,0.06530323,69162.json,96.7,43.0
Blocked,0.24611638,69162.json,115.0,36.7
Off T,0.1035,69162.json,113.4,52.2
Saved,0.3372105,69162.json,105.2,49.1
Off T,0.042683933,69162.json,99.0,35.2
Off T,0.015797798,69162.json,89.9,52.7
Off T,0.0697611,69162.json,100.5,28.2
Saved,0.09645968,69162.json,107.9,30.1
Off T,0.046289932,69163.json,95.9,44.7
Off T,0.030817252,69163.json,88.6,41.5
Off T,0.011378179,69163.json,112.4,20.6
Off T,0.007069858,69163.json,101.9,12.4
Off T,0.01053935,69163.json,107.3,59.4
Off T,0.06439348,69163.json,102.4,42.4
Off T,0.0038851665,69164.json,88.6,66.6
Saved,0.07788368,69164.json,103.5,32.7
Saved,0.27365455,69164.json,113.2,46.3
Off T,0.11475054,69164.json,105.3,45.5
Blocked,0.032406587,69164.json,102.5,55.7
Saved,0.10770213,69164.json,101.5,32.8
Saved,0.044388287,69164.json,95.7,49.4
Blocked,0.061983097,69164.json,98.1,35.0
Off T,0.048197612,69164.json,95.8,46.8
Saved,0.103708066,69164.json,102.0,39.8
Goal,0.17619552,69164.json,107.6,26.4
Off T,0.0067623677,69165.json,84.1,51.7
Blocked,0.008587028,69165.json,101.8,20.8
Saved,0.01440524,69165.json,115.5,54.0
Off T,0.13393806,69165.json,111.0,40.4
Goal,0.37451795,69165.json,106.2,32.8
Saved,0.04833841,69165.json,100.0,43.7
Saved,0.05800621,69165.json,107.1,25.6
Blocked,0.08545176,69165.json,108.9,39.7
Blocked,0.03623811,69165.json,101.4,49.1
Blocked,0.06064844,69165.json,103.3,30.7
Blocked,0.10552784,69165.json,107.9,42.6
Off T,0.11059077,69166.json,114.0,27.7
Blocked,0.03429044,69166.json,94.2,36.6
Goal,0.26215652,69166.json,106.0,36.6
Off T,0.018894482,69166.json,98.5,22.4
Saved,0.12009625,69166.json,113.7,28.6
Blocked,0.08424174,69166.json,115.0,32.7
Blocked,0.013718978,69169.json,90.5,30.8
Blocked,0.060536616,69169.json,102.7,30.8
Saved,0.074030615,69169.json,113.8,51.2
Blocked,0.05483537,69169.json,102.7,49.2
Blocked,0.11942796,69169.json,110.7,34.7
Post,0.05756506,69169.json,103.4,28.4
Saved,0.10854234,69169.json,111.8,27.7
Saved,0.04811127,69169.json,100.3,50.6
Goal,0.006683968,69170.json,92.2,58.9
Saved,0.007091337,69170.json,83.2,31.4
Saved,0.0066179563,69170.json,88.7,24.7
Off T,0.34998864,69170.json,112.1,42.2
Blocked,0.052386004,69170.json,102.9,43.8
Off T,0.12105257,69170.json,109.8,47.9
Saved,0.107636385,69170.json,110.8,52.5
Blocked,0.029040342,69170.json,100.8,55.2
Blocked,0.03939093,69170.json,106.0,54.2
Off T,0.09739937,69170.json,100.9,40.8
Saved,0.03764702,69170.json,99.1,24.9
Saved,0.07673806,69170.json,112.6,52.3
Blocked,0.062040206,69171.json,98.1,44.5
Blocked,0.0067853862,69171.json,98.0,62.8
Off T,0.11329458,69171.json,111.5,33.9
Blocked,0.038097426,69171.json,99.1,28.9
Off T,0.040035132,69171.json,100.7,26.6
Saved,0.028351158,69171.json,100.3,23.6
Off T,0.022198414,69171.json,100.4,25.1
Off T,0.06697127,69171.json,108.1,36.4
Wayward,0.12382349,69171.json,109.5,41.0
Saved,0.027761072,69171.json,104.7,22.4
Off T,0.023439053,69171.json,107.6,57.4
Wayward,0.24403496,69171.json,107.2,41.5
Off T,0.030771138,69171.json,95.1,40.9
Off T,0.005251062,69171.json,70.8,46.9
Goal,0.044685062,69171.json,104.5,17.9
Saved,0.1074289,69172.json,106.6,32.2
Goal,0.76199883,69172.json,115.0,37.7
Saved,0.0099411765,69172.json,93.7,22.8
Blocked,0.18236701,69172.json,113.6,40.2
Saved,0.16836978,69172.json,108.7,30.9
